,Times,Planet_A_Flux,Planet_B_Flux,Planet_C_Flux,Planet_D_Flux
0,-0.1,[-0.00010775],[0.0009409],[-1.32278887e-05],[1.75402715e-05]
1,-0.0997997997997998,[-0.00017219],[0.00055395],[-2.52387413e-05],[3.1879473e-05]
2,-0.0995995995995996,[-1.03144053e-05],[-0.00095188],[6.0426364e-05],[0.00018244]
3,-0.0993993993993994,[-3.10122815e-05],[-0.00126468],[4.89359885e-05],[0.00028652]
4,-0.0991991991991992,[6.80115451e-06],[-0.00051422],[-2.97009041e-05],[-7.97323514e-05]
5,-0.098998998998999,[1.66419557e-05],[-0.00191474],[1.41950283e-05],[-9.93232651e-05]
6,-0.0987987987987988,[-0.00016237],[-2.70943159e-05],[-3.59467474e-05],[-0.00039513]
7,-0.09859859859859861,[0.00010946],[0.00065945],[-1.92536744e-06],[6.00458738e-05]
8,-0.09839839839839841,[8.84334923e-05],[0.00060548],[-5.13717854e-05],[0.00011767]
9,-0.09819819819819821,[9.90464856e-05],[-0.00039453],[-2.95118349e-05],[-5.97854422e-05]
10,-0.09799799799799801,[-9.07172876e-05],[0.00099488],[-1.6808699e-05],[-0.00023698]
11,-0.0977977977977978,[0.00031331],[0.00193259],[2.06260394e-05],[-4.64723585e-05]
12,-0.0975975975975976,[4.07508859e-05],[-0.00255725],[-5.14527584e-05],[0.00017962]
13,-0.0973973973973974,[-0.00018556],[0.00221094],[-5.5912022e-05],[0.00012737]
14,-0.0971971971971972,[-0.00025868],[8.62087546e-05],[-8.74331108e-05],[-5.66030028e-05]
15,-0.096996996996997,[2.37840471e-05],[0.00062107],[-5.07820857e-05],[-0.00016612]
16,-0.0967967967967968,[7.17352634e-05],[6.2127584e-05],[-4.17851431e-05],[-0.00028377]
17,-0.0965965965965966,[5.4039627e-05],[0.00019181],[-5.87701062e-05],[-0.0002171]
18,-0.0963963963963964,[0.00010052],[-0.00084039],[5.01607093e-05],[-3.61091965e-05]
19,-0.0961961961961962,[-9.19696654e-05],[0.00040134],[6.06481982e-06],[-0.00025981]
20,-0.09599599599599601,[-3.67138329e-05],[0.00021289],[-4.14484422e-05],[-9.94500029e-05]
21,-0.09579579579579581,[5.97601566e-06],[-0.00053072],[-4.02289351e-05],[-0.00022921]
22,-0.0955955955955956,[4.96463809e-05],[0.00018233],[-6.47384997e-05],[-2.61145538e-05]
23,-0.0953953953953954,[-1.63220136e-05],[-0.00069124],[-3.0302096e-05],[-0.00014244]
24,-0.0951951951951952,[4.77115988e-05],[0.00014179],[-1.30767792e-05],[7.34956104e-06]
25,-0.094994994994995,[-0.00022946],[0.00026708],[-4.40596109e-05],[-0.00023471]
26,-0.0947947947947948,[-9.01486458e-05],[-0.00039142],[-3.58618577e-05],[0.00018672]
27,-0.0945945945945946,[-4.32216293e-05],[0.00132377],[-5.32482253e-05],[6.98342329e-05]
28,-0.0943943943943944,[0.00016558],[0.00151359],[4.13449977e-06],[-0.00018301]
29,-0.0941941941941942,[0.00022422],[-0.00058802],[-9.37225877e-06],[2.28578537e-05]
30,-0.093993993993994,[-0.00020025],[-0.00051444],[-2.30733299e-05],[3.29011762e-05]
31,-0.0937937937937938,[1.41684334e-06],[-0.00017865],[-7.34827311e-05],[-9.77928379e-05]
32,-0.0935935935935936,[-7.69336206e-05],[0.00011319],[-4.12234773e-05],[3.72320561e-05]
33,-0.09339339339339339,[-7.00245344e-05],[5.52720645e-05],[-5.92550176e-05],[0.0001236]
34,-0.09319319319319319,[9.47648234e-05],[0.0004062],[-1.54083919e-05],[-0.00021602]
35,-0.092992992992993,[-7.75841946e-05],[6.93663433e-05],[-5.21112355e-05],[-0.00040057]
36,-0.0927927927927928,[-5.79409148e-05],[0.00261427],[-2.26190772e-05],[3.23099791e-06]
37,-0.0925925925925926,[0.00015442],[-0.00052639],[-5.4303951e-05],[-7.4040439e-05]
38,-0.0923923923923924,[0.00017513],[-0.00089279],[-3.60808365e-05],[0.00030078]
39,-0.0921921921921922,[-4.53082132e-05],[0.000972],[-5.40016786e-05],[0.00010558]
40,-0.091991991991992,[0.00014449],[0.00037826],[-2.60984842e-05],[-0.00013369]
41,-0.0917917917917918,[-3.3570441e-05],[-0.00018134],[5.63074504e-06],[-0.0003239]
42,-0.0915915915915916,[-8.9336572e-05],[-0.00044702],[-4.21771818e-05],[-0.00028634]
43,-0.0913913913913914,[-6.3301124e-06],[-0.00049749],[-2.5843298e-05],[-0.00014732]
44,-0.09119119119119119,[-4.41643942e-05],[2.58047441e-05],[-6.44045777e-05],[-6.66656211e-05]
45,-0.09099099099099099,[0.00015662],[-0.00128675],[-5.81432602e-05],[1.09844395e-05]
46,-0.09079079079079079,[0.00023849],[2.05097705e-05],[-0.00010218],[3.79824314e-05]
47,-0.0905905905905906,[6.7150833e-05],[-0.00074374],[-5.2431786e-05],[-0.00023179]
48,-0.0903903903903904,[-7.75272878e-06],[0.00071926],[-3.69742182e-05],[0.00012698]
49,-0.0901901901901902,[0.00021096],[-0.0003834],[-4.79584623e-05],[-4.6012885e-05]
50,-0.08998998998999,[-8.68404825e-05],[0.00105494],[-4.54083026e-05],[0.00013886]
51,-0.0897897897897898,[-0.00011581],[-0.0002429],[-4.92862943e-05],[-8.13548486e-05]
52,-0.0895895895895896,[-0.00014697],[0.00085174],[-3.36445118e-05],[-8.638743e-05]
53,-0.0893893893893894,[-0.00042329],[-0.00048766],[-6.94343607e-05],[-2.04240737e-05]
54,-0.0891891891891892,[6.14344778e-05],[0.00036093],[-5.6406548e-05],[-0.00015415]
55,-0.08898898898898899,[-0.00010391],[0.00147078],[-5.64011657e-05],[-0.00021155]
56,-0.08878878878878879,[-0.00015286],[5.41681269e-05],[-8.35839308e-05],[8.08346981e-05]
57,-0.08858858858858859,[0.00014424],[0.00156326],[-6.40997693e-05],[-0.00015843]
58,-0.08838838838838839,[-6.17589384e-05],[-4.75600074e-05],[-3.40469288e-05],[-2.02208029e-05]
59,-0.08818818818818819,[-0.0002444],[0.00024707],[-0.00010198],[-0.00028842]
60,-0.08798798798798799,[0.0002157],[0.00105827],[-5.66853343e-05],[-4.70173463e-05]
61,-0.08778778778778779,[0.00024343],[-0.00078877],[-2.14373796e-05],[-0.00021066]
62,-0.0875875875875876,[2.31026184e-05],[0.00029071],[-1.46046427e-05],[-7.70390986e-05]
63,-0.0873873873873874,[-5.09782967e-05],[-0.00035276],[-0.00013079],[-5.53092596e-05]
64,-0.0871871871871872,[0.00015527],[-0.00154818],[-0.00012188],[5.70990647e-05]
65,-0.086986986986987,[0.00030429],[-0.0017061],[-5.19648475e-05],[-0.00050759]
66,-0.0867867867867868,[-2.34034814e-05],[0.00085069],[-9.46120491e-05],[8.5663927e-05]
67,-0.08658658658658659,[-0.00036984],[0.00090654],[-0.00010306],[-0.00028548]
68,-0.08638638638638639,[0.00024993],[0.00069779],[-7.17156721e-05],[-0.0001095]
69,-0.08618618618618619,[0.00011929],[0.00078311],[-0.00011999],[-3.6609566e-05]
70,-0.08598598598598599,[-4.57296071e-05],[-0.00029527],[-2.31669121e-05],[-4.44273165e-05]
71,-0.08578578578578579,[0.00018345],[-0.00128651],[-7.26999885e-05],[-0.00022631]
72,-0.08558558558558559,[-0.00024288],[0.00013536],[-7.87923774e-05],[-0.00039118]
73,-0.08538538538538538,[9.51539882e-05],[-0.00028304],[-8.83884151e-05],[-0.00025845]
74,-0.0851851851851852,[9.1543643e-05],[-0.00104184],[-0.00010212],[-0.00033547]
75,-0.084984984984985,[0.00010358],[-0.00039028],[-8.58394549e-05],[-0.00014427]
76,-0.0847847847847848,[-1.22904773e-05],[0.00070113],[-6.00071812e-05],[-0.00042068]
77,-0.0845845845845846,[0.00036701],[-0.0017636],[-4.92417571e-05],[-0.00028531]
78,-0.08438438438438439,[-5.93702778e-05],[0.00057145],[-6.71197407e-05],[-0.00067904]
79,-0.08418418418418419,[-2.86706273e-05],[-0.00182927],[-7.28490633e-05],[-0.00039628]
80,-0.08398398398398399,[-2.79745962e-05],[0.00080307],[-0.00011371],[-0.00025056]
81,-0.08378378378378379,[-3.53984667e-05],[-0.00065111],[-0.0001407],[-0.00030264]
82,-0.08358358358358359,[-4.96262604e-05],[0.00106201],[-0.00013677],[-0.00053886]
83,-0.08338338338338339,[-0.00010943],[-0.00088102],[-6.33410351e-05],[-0.00075847]
84,-0.08318318318318318,[0.0001657],[0.00122944],[-8.20106313e-05],[-0.00051923]
85,-0.08298298298298298,[0.00018422],[7.69841013e-05],[-5.51754276e-05],[-0.00082884]
86,-0.08278278278278278,[0.00038911],[-0.00116841],[-0.00011782],[-0.00049156]
87,-0.08258258258258258,[-5.38559092e-05],[-0.00128266],[-7.75580095e-05],[-0.0006252]
88,-0.08238238238238238,[-0.00041279],[-0.00012673],[-0.00010298],[-0.00044099]
89,-0.08218218218218218,[0.00016719],[-0.00096456],[-7.83949588e-05],[-0.00025209]
90,-0.08198198198198199,[0.00018215],[0.00189871],[-5.50734455e-05],[-0.00033681]
91,-0.08178178178178179,[-0.00037561],[0.00243454],[-0.00010754],[-0.00051535]
92,-0.08158158158158159,[-0.00012877],[-0.00123138],[-6.16514281e-05],[-0.00065545]
93,-0.08138138138138139,[-0.00023288],[0.00038595],[-3.63988627e-05],[-0.00040021]
94,-0.08118118118118119,[5.45669421e-05],[0.00137823],[-9.07704675e-05],[-0.00047608]
95,-0.08098098098098098,[-0.00025496],[-0.00086246],[-8.2794899e-05],[-0.00034493]
96,-0.08078078078078078,[-0.00017731],[0.00029833],[-0.00011866],[-0.0003815]
97,-0.08058058058058058,[0.00011595],[-0.00072479],[-0.00010382],[-0.00043873]
98,-0.08038038038038038,[-0.00013496],[0.00189507],[-0.0001077],[-0.00067789]
99,-0.08018018018018018,[-0.00013135],[-0.00162011],[-0.00010383],[-0.00058644]
100,-0.07997997997997999,[6.68925349e-05],[0.00054903],[-9.98593966e-05],[-0.00079068]
101,-0.07977977977977979,[0.00013741],[-0.00156796],[-6.00537885e-05],[-0.00073581]
102,-0.07957957957957959,[-6.55935132e-05],[0.00037002],[-7.88577137e-05],[-0.00075235]
103,-0.07937937937937939,[-0.00015299],[-0.00049145],[-0.00010798],[-0.00047203]
104,-0.07917917917917919,[0.00025734],[0.00086726],[-0.0001125],[-0.00070016]
105,-0.07897897897897899,[-5.26702663e-05],[-0.00047224],[-5.29104263e-05],[-0.00082757]
106,-0.07877877877877879,[0.00015001],[-0.00225933],[-8.91431162e-05],[-0.00092849]
107,-0.07857857857857858,[-0.00021791],[0.00123961],[-5.66339943e-05],[-0.00097267]
108,-0.07837837837837838,[-3.04499324e-05],[-0.00127053],[-0.00010297],[-0.00062721]
109,-0.07817817817817818,[0.00013273],[-0.00045998],[-8.43388732e-05],[-0.00105971]
110,-0.07797797797797798,[8.48240404e-05],[-0.00012046],[-6.7592163e-05],[-0.00095084]
111,-0.07777777777777778,[8.27108699e-05],[0.00016911],[-0.00011051],[-0.00136881]
112,-0.07757757757757758,[-2.79661478e-05],[-0.00013859],[-0.0001174],[-0.00107677]
113,-0.07737737737737738,[8.60098125e-05],[-0.00022116],[-0.00014449],[-0.00098898]
114,-0.07717717717717718,[-0.00027468],[-0.00060425],[-0.0001269],[-0.00071392]
115,-0.07697697697697697,[0.00011763],[-0.00021729],[-0.00012449],[-0.00087941]
116,-0.07677677677677677,[-0.00011449],[0.00111887],[-0.00012777],[-0.00089493]
117,-0.07657657657657659,[-7.30961727e-05],[-0.00114977],[-0.00012305],[-0.00098452]
118,-0.07637637637637638,[-8.56609277e-05],[-6.29857112e-05],[-8.69314955e-05],[-0.0009685]
119,-0.07617617617617618,[-0.00025831],[0.00122808],[-0.00010416],[-0.00069835]
120,-0.07597597597597598,[0.00010024],[0.00061683],[-5.386937e-05],[-0.00091893]
121,-0.07577577577577578,[5.76807918e-05],[-0.0017527],[-8.02573468e-05],[-0.00135547]
122,-0.07557557557557558,[3.06942971e-05],[0.00010014],[-0.00010499],[-0.00100461]
123,-0.07537537537537538,[0.00014218],[0.00114321],[-0.00010209],[-0.00079264]
124,-0.07517517517517518,[-8.00417908e-05],[-0.00032798],[-0.00010189],[-0.00108754]
125,-0.07497497497497498,[-6.47164318e-05],[0.00049923],[-0.00011089],[-0.00089487]
126,-0.07477477477477477,[9.51868206e-05],[0.00129733],[-0.00012198],[-0.00113231]
127,-0.07457457457457459,[-4.9642909e-05],[0.00042301],[-0.00012069],[-0.00106676]
128,-0.07437437437437439,[-0.00015955],[-0.00078128],[-6.46320948e-05],[-0.00088845]
129,-0.07417417417417418,[0.00016782],[0.00079884],[-6.70269643e-05],[-0.00137269]
130,-0.07397397397397398,[-9.39597122e-05],[-0.00019916],[-6.33300486e-05],[-0.00092291]
131,-0.07377377377377378,[0.0001562],[0.00013485],[-0.00010696],[-0.00079001]
132,-0.07357357357357358,[-0.00030647],[0.00084855],[-5.13528868e-05],[-0.0010759]
133,-0.07337337337337338,[-0.000142],[0.00055521],[-0.0001237],[-0.00135209]
134,-0.07317317317317318,[-0.00013629],[0.00039121],[-0.00014993],[-0.00124829]
135,-0.07297297297297298,[-0.00014419],[0.0004815],[-0.00010173],[-0.00127929]
136,-0.07277277277277278,[-0.00029966],[-5.18068198e-05],[-7.1502918e-05],[-0.00115527]
137,-0.07257257257257257,[-0.0003128],[-0.00282835],[-7.70143683e-05],[-0.00125385]
138,-0.07237237237237237,[-0.00033934],[-0.00249099],[-0.00013278],[-0.00103262]
139,-0.07217217217217217,[-0.00010825],[-0.00107364],[-0.00013012],[-0.0010775]
140,-0.07197197197197197,[2.91164105e-05],[-0.00143288],[-0.00012936],[-0.00101163]
141,-0.07177177177177177,[-0.00018236],[-0.0014728],[-8.44271539e-05],[-0.0012717]
142,-0.07157157157157157,[4.57519451e-05],[-0.00119257],[-3.48666819e-05],[-0.00139102]
143,-0.07137137137137137,[-0.00043854],[-0.00158373],[-9.19272373e-05],[-0.00131852]
144,-0.07117117117117118,[-0.00029544],[-0.00015046],[-0.00011545],[-0.00108113]
145,-0.07097097097097098,[-5.89399634e-05],[-0.00075005],[-0.00011256],[-0.00121667]
146,-0.07077077077077078,[-0.00031231],[-0.00293731],[-6.48547406e-05],[-0.00119205]
147,-0.07057057057057058,[-0.00049235],[-0.00045783],[-0.00012895],[-0.00137867]
148,-0.07037037037037037,[-0.00038589],[-0.00306014],[-6.95366516e-05],[-0.00136336]
149,-0.07017017017017017,[-0.00042279],[-0.00184154],[-8.56010695e-05],[-0.00145919]
150,-0.06996996996996997,[-0.00038698],[-0.00364713],[-0.00012822],[-0.00166036]
151,-0.06976976976976977,[-0.00072916],[-0.00181572],[-9.98894751e-05],[-0.00146769]
152,-0.06956956956956957,[-0.00066839],[-0.00277717],[-0.00010297],[-0.00146894]
153,-0.06936936936936937,[-0.00017877],[-0.00203501],[-0.00010392],[-0.00149842]
154,-0.06916916916916918,[-0.000921],[-0.00216932],[-0.00013808],[-0.00138836]
155,-0.06896896896896898,[-0.00064741],[-0.00357199],[-8.26673676e-05],[-0.00139859]
156,-0.06876876876876878,[-0.00061527],[-0.00347076],[-0.00012411],[-0.00146939]
157,-0.06856856856856858,[-0.00049725],[-0.00168573],[-0.00015308],[-0.00133433]
158,-0.06836836836836838,[-0.00055848],[-0.0017041],[-0.00014362],[-0.00147882]
159,-0.06816816816816818,[-0.00074738],[-0.00331145],[-0.00014102],[-0.00153069]
160,-0.06796796796796797,[-0.0004627],[-0.0030941],[-9.69128159e-05],[-0.00173108]
161,-0.06776776776776777,[-0.00067083],[-0.00604252],[-0.00012629],[-0.00134639]
162,-0.06756756756756757,[-0.00061601],[-0.00359469],[-0.0001128],[-0.00182458]
163,-0.06736736736736737,[-0.00042732],[-0.00399556],[-9.86862728e-05],[-0.00149286]
164,-0.06716716716716717,[-0.00048933],[-0.00355679],[-7.63220193e-05],[-0.00139264]
165,-0.06696696696696697,[-0.00075938],[-0.00387046],[-8.36176808e-05],[-0.0012214]
166,-0.06676676676676677,[-0.00074278],[-0.00295309],[-7.86728554e-05],[-0.00172738]
167,-0.06656656656656657,[-0.0008498],[-0.00363743],[-9.37057186e-05],[-0.00161748]
168,-0.06636636636636636,[-0.00064911],[-0.00323395],[-0.00013479],[-0.00172155]
169,-0.06616616616616616,[-0.00075229],[-0.0047675],[-8.51510887e-05],[-0.00153577]
170,-0.06596596596596596,[-0.00117294],[-0.00485214],[-0.00014387],[-0.00124786]
171,-0.06576576576576576,[-0.00112524],[-0.00664073],[-0.00015152],[-0.00147936]
172,-0.06556556556556557,[-0.00076882],[-0.00665266],[-8.20881314e-05],[-0.00162859]
173,-0.06536536536536537,[-0.00059159],[-0.00533703],[-9.28458718e-05],[-0.00200948]
174,-0.06516516516516517,[-0.00107727],[-0.00812659],[-8.61422009e-05],[-0.00139685]
175,-0.06496496496496497,[-0.00124373],[-0.00701677],[-9.86493018e-05],[-0.00145446]
176,-0.06476476476476477,[-0.00110107],[-0.00630598],[-7.29258305e-05],[-0.00177153]
177,-0.06456456456456457,[-0.0009847],[-0.00609187],[-9.25537213e-05],[-0.00165006]
178,-0.06436436436436437,[-0.00083225],[-0.0068282],[-0.00016693],[-0.00171724]
179,-0.06416416416416418,[-0.00102617],[-0.00666179],[-3.7278526e-05],[-0.0012504]
180,-0.06396396396396398,[-0.00140445],[-0.00878293],[-0.00011198],[-0.00201086]
181,-0.06376376376376378,[-0.00130983],[-0.00746076],[-0.00012102],[-0.00162562]
182,-0.06356356356356357,[-0.00128695],[-0.00892211],[-0.00012767],[-0.0013914]
183,-0.06336336336336337,[-0.00108414],[-0.00899539],[-0.00010193],[-0.00136882]
184,-0.06316316316316317,[-0.00134382],[-0.00899438],[-9.62073915e-05],[-0.00114923]
185,-0.06296296296296297,[-0.0013066],[-0.00809623],[-0.00010454],[-0.00143729]
186,-0.06276276276276277,[-0.00158905],[-0.01036319],[-0.00012274],[-0.00150777]
187,-0.06256256256256257,[-0.00136027],[-0.009235],[-6.69217073e-05],[-0.00166803]
188,-0.06236236236236237,[-0.0017709],[-0.01208279],[-0.00011092],[-0.00140381]
189,-0.062162162162162166,[-0.00130232],[-0.00865803],[-8.34617736e-05],[-0.00194707]
190,-0.061961961961961964,[-0.00149453],[-0.0089089],[-0.00013511],[-0.00160158]
191,-0.06176176176176176,[-0.00161033],[-0.01154469],[-9.51517746e-05],[-0.00180686]
192,-0.06156156156156156,[-0.00143391],[-0.01186013],[-9.60873817e-05],[-0.00153406]
193,-0.06136136136136137,[-0.00156584],[-0.01362924],[-0.00015332],[-0.00135607]
194,-0.061161161161161166,[-0.0014233],[-0.0125301],[-0.00014554],[-0.00148]
195,-0.060960960960960965,[-0.00168986],[-0.01424718],[-9.20917139e-05],[-0.00130636]
196,-0.060760760760760764,[-0.00152397],[-0.01370208],[-0.00010036],[-0.00162982]
197,-0.06056056056056056,[-0.00158175],[-0.01289583],[-0.00010129],[-0.00156605]
198,-0.06036036036036036,[-0.00176623],[-0.01379827],[-0.00010958],[-0.00154458]
199,-0.06016016016016017,[-0.00165759],[-0.01288793],[-8.24331953e-05],[-0.00163462]
200,-0.059959959959959966,[-0.00146019],[-0.01378599],[-8.29364242e-05],[-0.00194345]
201,-0.059759759759759765,[-0.00152558],[-0.01556594],[-7.84374451e-05],[-0.00154879]
202,-0.05955955955955956,[-0.00166638],[-0.0155752],[-8.21418975e-05],[-0.00177646]
203,-0.05935935935935936,[-0.0020586],[-0.01642455],[-0.00011768],[-0.00141814]
204,-0.05915915915915916,[-0.00196156],[-0.01632487],[-0.00013044],[-0.00173893]
205,-0.05895895895895896,[-0.00190083],[-0.01717684],[-9.26397206e-05],[-0.00135626]
206,-0.058758758758758765,[-0.00177477],[-0.01487495],[-0.00010696],[-0.00177087]
207,-0.058558558558558564,[-0.00185815],[-0.01764114],[-0.00015953],[-0.00176077]
208,-0.05835835835835836,[-0.00169262],[-0.0177549],[-0.00013991],[-0.00158201]
209,-0.05815815815815816,[-0.00213091],[-0.01844594],[-2.85243011e-05],[-0.00150019]
210,-0.05795795795795796,[-0.00177029],[-0.01857898],[-0.00011756],[-0.00156387]
211,-0.05775775775775776,[-0.00213742],[-0.02033124],[-9.7390915e-05],[-0.00162205]
212,-0.05755755755755756,[-0.00162859],[-0.01949209],[-0.00017815],[-0.0018018]
213,-0.057357357357357364,[-0.00205487],[-0.01905238],[-8.07489209e-05],[-0.001734]
214,-0.05715715715715716,[-0.00197612],[-0.02151609],[-0.00013559],[-0.00148898]
215,-0.05695695695695696,[-0.00195391],[-0.0206029],[-0.00011794],[-0.00156426]
216,-0.05675675675675676,[-0.00189303],[-0.02190774],[-2.84199441e-05],[-0.00157909]
217,-0.05655655655655656,[-0.00214382],[-0.02120397],[-0.00011934],[-0.001612]
218,-0.05635635635635636,[-0.00207861],[-0.02055878],[-9.03193954e-05],[-0.00140268]
219,-0.05615615615615616,[-0.00214981],[-0.02194125],[-6.40880751e-05],[-0.00153201]
220,-0.05595595595595596,[-0.00211711],[-0.02398443],[-0.00015767],[-0.00157687]
221,-0.05575575575575576,[-0.00211662],[-0.02368132],[-9.0701065e-05],[-0.00145284]
222,-0.05555555555555556,[-0.00201282],[-0.0235707],[-0.00013731],[-0.00171783]
223,-0.05535535535535536,[-0.0021553],[-0.02605882],[-0.00016166],[-0.00145174]
224,-0.05515515515515516,[-0.00219272],[-0.02312434],[-0.00011323],[-0.00167957]
225,-0.054954954954954956,[-0.00203575],[-0.02625946],[-0.00012458],[-0.00165204]
226,-0.05475475475475476,[-0.00234226],[-0.02700955],[-7.71452352e-05],[-0.00145163]
227,-0.05455455455455456,[-0.00216299],[-0.02656223],[-9.22645896e-05],[-0.00175211]
228,-0.05435435435435436,[-0.00236418],[-0.02808699],[-9.35173522e-05],[-0.00145329]
229,-0.05415415415415416,[-0.00206926],[-0.02808721],[-0.0001195],[-0.00175393]
230,-0.053953953953953956,[-0.00207343],[-0.02968535],[-0.00010622],[-0.00172661]
231,-0.053753753753753755,[-0.00227728],[-0.02875418],[-8.0045818e-05],[-0.00182229]
232,-0.053553553553553554,[-0.00213453],[-0.02912007],[-0.00011983],[-0.00142574]
233,-0.05335335335335336,[-0.00246843],[-0.0292748],[-0.00013392],[-0.00173622]
234,-0.05315315315315316,[-0.00240701],[-0.03185156],[-6.57057733e-05],[-0.00191163]
235,-0.05295295295295296,[-0.00243283],[-0.02909236],[-0.00010115],[-0.00148093]
236,-0.052752752752752756,[-0.00241395],[-0.0312727],[-6.45833257e-05],[-0.0017849]
237,-0.052552552552552555,[-0.00262459],[-0.03254789],[-0.00011503],[-0.00154955]
238,-0.05235235235235235,[-0.00239033],[-0.03200696],[-6.14474828e-05],[-0.00164519]
239,-0.05215215215215215,[-0.0026676],[-0.03258819],[-6.65562517e-05],[-0.00152912]
240,-0.05195195195195196,[-0.00233422],[-0.03442229],[-0.00015986],[-0.00169476]
241,-0.05175175175175176,[-0.00255897],[-0.03548196],[-0.00011162],[-0.00165956]
242,-0.051551551551551555,[-0.0025413],[-0.034143],[-0.00012901],[-0.0016756]
243,-0.051351351351351354,[-0.00260829],[-0.0341853],[-0.00010324],[-0.00156502]
244,-0.05115115115115115,[-0.00230597],[-0.03416077],[-0.00014131],[-0.00179342]
245,-0.05095095095095095,[-0.00250337],[-0.03529504],[-6.60643381e-05],[-0.00145482]
246,-0.05075075075075076,[-0.00251148],[-0.03543519],[-0.00012158],[-0.00182979]
247,-0.050550550550550556,[-0.00248473],[-0.03739112],[-3.68206075e-05],[-0.0016488]
248,-0.050350350350350355,[-0.00223499],[-0.03794826],[-8.22734099e-05],[-0.00171139]
249,-0.050150150150150154,[-0.00226381],[-0.03589307],[-0.00011379],[-0.00173856]
250,-0.04994994994994995,[-0.00213407],[-0.03909984],[-9.54591416e-05],[-0.00168161]
251,-0.04974974974974975,[-0.00231201],[-0.03859767],[-9.2467251e-05],[-0.00160715]
252,-0.04954954954954955,[-0.00277506],[-0.04101096],[-0.00014513],[-0.00137741]
253,-0.049349349349349356,[-0.00246053],[-0.03933496],[-0.00010689],[-0.00182877]
254,-0.049149149149149154,[-0.00242694],[-0.04118058],[-0.00011702],[-0.00228221]
255,-0.04894894894894895,[-0.00282167],[-0.04102989],[-9.56382453e-05],[-0.00174946]
256,-0.04874874874874875,[-0.00258828],[-0.043289],[-6.49572398e-05],[-0.00167439]
257,-0.04854854854854855,[-0.00255016],[-0.04085934],[-0.00010777],[-0.00159272]
258,-0.04834834834834835,[-0.00254077],[-0.04438888],[-0.00010851],[-0.00163098]
259,-0.04814814814814815,[-0.00249344],[-0.04432153],[-0.00012089],[-0.00152382]
260,-0.047947947947947954,[-0.00229281],[-0.04377346],[-0.00013138],[-0.00184245]
261,-0.04774774774774775,[-0.00250508],[-0.04487537],[-0.00016721],[-0.00188674]
262,-0.04754754754754755,[-0.00236779],[-0.04429293],[-8.86518058e-05],[-0.00203235]
263,-0.04734734734734735,[-0.00236368],[-0.04613047],[-0.00017811],[-0.00186924]
264,-0.04714714714714715,[-0.00273876],[-0.04503944],[-0.000104],[-0.00128213]
265,-0.04694694694694695,[-0.00232597],[-0.04506554],[-6.27273944e-05],[-0.00165282]
266,-0.046746746746746747,[-0.00241242],[-0.04661153],[-0.00011681],[-0.00191369]
267,-0.04654654654654655,[-0.00251613],[-0.04830909],[-6.64631625e-05],[-0.00179127]
268,-0.04634634634634635,[-0.00266844],[-0.04641366],[-0.00015456],[-0.00167386]
269,-0.04614614614614615,[-0.00267306],[-0.04641534],[-0.00013256],[-0.00190164]
270,-0.04594594594594595,[-0.00278742],[-0.04638453],[-0.0001441],[-0.00168797]
271,-0.04574574574574575,[-0.00272092],[-0.04885265],[-0.0001328],[-0.00168036]
272,-0.045545545545545546,[-0.00272425],[-0.04911542],[-0.00011974],[-0.00183234]
273,-0.04534534534534535,[-0.00255381],[-0.0501772],[-0.00017828],[-0.0016693]
274,-0.04514514514514515,[-0.00255555],[-0.04982172],[-6.1708151e-05],[-0.00177442]
275,-0.04494494494494495,[-0.00261101],[-0.04862987],[-8.50457403e-05],[-0.00153853]
276,-0.04474474474474475,[-0.00273333],[-0.05015561],[-0.00012398],[-0.0016476]
277,-0.04454454454454455,[-0.00252649],[-0.05025904],[-0.00011028],[-0.00162863]
278,-0.044344344344344346,[-0.00272276],[-0.05139354],[-0.00011511],[-0.00201865]
279,-0.044144144144144144,[-0.002879],[-0.05238373],[-0.00014441],[-0.00193194]
280,-0.04394394394394395,[-0.00265517],[-0.05116133],[-0.00013234],[-0.00183074]
281,-0.04374374374374375,[-0.00250697],[-0.05161126],[-6.88864813e-05],[-0.00175827]
282,-0.04354354354354355,[-0.0027235],[-0.05351554],[-9.79208959e-05],[-0.0016435]
283,-0.043343343343343346,[-0.0026064],[-0.05500217],[-9.48815802e-05],[-0.00159937]
284,-0.043143143143143145,[-0.00268491],[-0.05442767],[-0.00014103],[-0.00182625]
285,-0.042942942942942944,[-0.00262242],[-0.05404357],[-0.00010545],[-0.00160773]
286,-0.04274274274274274,[-0.00256412],[-0.05384196],[-4.63131637e-05],[-0.00183549]
287,-0.04254254254254255,[-0.0028148],[-0.05438728],[-0.0001397],[-0.00188982]
288,-0.04234234234234235,[-0.00281739],[-0.05517727],[-0.0001323],[-0.00187214]
289,-0.042142142142142146,[-0.00250745],[-0.0536414],[-0.00010741],[-0.00183257]
290,-0.041941941941941945,[-0.00276407],[-0.05628499],[-9.0923178e-05],[-0.00173297]
291,-0.04174174174174174,[-0.00256696],[-0.05565852],[-0.00015456],[-0.00180196]
292,-0.04154154154154154,[-0.00268683],[-0.05615947],[-8.08460767e-05],[-0.00205627]
293,-0.04134134134134134,[-0.00275297],[-0.05694092],[-6.70178542e-05],[-0.00194329]
294,-0.041141141141141147,[-0.00274197],[-0.05762208],[-8.34591185e-05],[-0.00149276]
295,-0.040940940940940945,[-0.00277588],[-0.05781583],[-0.00014205],[-0.00184623]
296,-0.040740740740740744,[-0.00240016],[-0.05647301],[-0.0001275],[-0.00178025]
297,-0.04054054054054054,[-0.00228694],[-0.05664595],[-9.06477379e-05],[-0.00148626]
298,-0.04034034034034034,[-0.00292491],[-0.05883824],[-9.77034692e-05],[-0.00181978]
299,-0.04014014014014014,[-0.00280484],[-0.05776192],[-0.00017702],[-0.00205392]
300,-0.039939939939939946,[-0.00237147],[-0.05973494],[-6.57471348e-05],[-0.00160095]
301,-0.039739739739739745,[-0.00271299],[-0.05844974],[-6.65529429e-05],[-0.00179245]
302,-0.039539539539539544,[-0.0025815],[-0.05961567],[-0.00012233],[-0.00172907]
303,-0.03933933933933934,[-0.00275208],[-0.05901891],[-0.00011178],[-0.0018045]
304,-0.03913913913913914,[-0.00258503],[-0.05938632],[-0.00011839],[-0.00195503]
305,-0.03893893893893894,[-0.00274082],[-0.06018531],[-0.00011909],[-0.00168897]
306,-0.03873873873873874,[-0.00249056],[-0.06186369],[-0.0001575],[-0.00175038]
307,-0.038538538538538544,[-0.00281093],[-0.06024623],[-8.96199022e-05],[-0.00186878]
308,-0.03833833833833834,[-0.00276557],[-0.06107288],[-0.00014147],[-0.0020354]
309,-0.03813813813813814,[-0.00269189],[-0.06267374],[-0.00010822],[-0.00189814]
310,-0.03793793793793794,[-0.00257747],[-0.06117815],[-0.00015719],[-0.00183904]
311,-0.03773773773773774,[-0.00258433],[-0.06218462],[-0.00014537],[-0.00173879]
312,-0.03753753753753754,[-0.00282257],[-0.0616919],[-0.00011882],[-0.00177886]
313,-0.03733733733733734,[-0.00265622],[-0.06185402],[-0.0001636],[-0.00171613]
314,-0.037137137137137136,[-0.00271139],[-0.06387729],[-0.00016829],[-0.00169043]
315,-0.036936936936936934,[-0.0027691],[-0.06255041],[-9.40693429e-05],[-0.00176908]
316,-0.03673673673673673,[-0.00295009],[-0.06312789],[-5.53259486e-05],[-0.00191188]
317,-0.036536536536536546,[-0.00287272],[-0.06346341],[-0.00012986],[-0.00154372]
318,-0.036336336336336345,[-0.00265176],[-0.06284382],[-5.95879058e-05],[-0.00187214]
319,-0.03613613613613614,[-0.00304208],[-0.06388866],[-0.00011291],[-0.00192483]
320,-0.03593593593593594,[-0.00300249],[-0.06435652],[-6.45536219e-05],[-0.00187037]
321,-0.03573573573573574,[-0.00267625],[-0.06318518],[-9.98238485e-05],[-0.00196051]
322,-0.03553553553553554,[-0.00264714],[-0.06484436],[-4.38976571e-05],[-0.0020319]
323,-0.03533533533533534,[-0.00270599],[-0.06315099],[-0.00010629],[-0.0016876]
324,-0.03513513513513514,[-0.00269255],[-0.06475358],[-5.82931706e-05],[-0.0017395]
325,-0.034934934934934936,[-0.00273513],[-0.0650927],[-0.00018782],[-0.00212659]
326,-0.034734734734734735,[-0.00260203],[-0.06448399],[-0.00011475],[-0.00183935]
327,-0.03453453453453453,[-0.00266829],[-0.0643871],[-7.41644529e-05],[-0.00200921]
328,-0.03433433433433433,[-0.00299673],[-0.06352132],[-0.0001054],[-0.00175389]
329,-0.03413413413413413,[-0.00283262],[-0.06447434],[-0.00013838],[-0.00145225]
330,-0.03393393393393393,[-0.00249293],[-0.06447688],[-0.00014791],[-0.00198212]
331,-0.03373373373373374,[-0.00287421],[-0.06534641],[-6.84133168e-05],[-0.0018172]
332,-0.03353353353353354,[-0.00255253],[-0.06421971],[-8.48681118e-05],[-0.00188373]
333,-0.03333333333333334,[-0.00268316],[-0.0668979],[-0.00015733],[-0.00180112]
334,-0.03313313313313314,[-0.0027476],[-0.06600003],[-0.00011979],[-0.00194087]
335,-0.03293293293293294,[-0.00286922],[-0.06453787],[-0.00013324],[-0.00196156]
336,-0.032732732732732736,[-0.0028762],[-0.06648572],[-8.59048023e-05],[-0.00158107]
337,-0.032532532532532535,[-0.00296464],[-0.06497941],[-8.91384554e-05],[-0.00206592]
338,-0.032332332332332334,[-0.00285255],[-0.06710398],[-0.00010951],[-0.0018349]
339,-0.03213213213213213,[-0.00252944],[-0.06574892],[-8.92898974e-05],[-0.00220224]
340,-0.03193193193193193,[-0.00255118],[-0.06551115],[-0.00012166],[-0.00169277]
341,-0.03173173173173173,[-0.00269234],[-0.06666514],[-0.00013832],[-0.00180134]
342,-0.03153153153153153,[-0.00283591],[-0.06664166],[-0.00020727],[-0.00183955]
343,-0.03133133133133133,[-0.00273779],[-0.06705063],[-0.00012144],[-0.001875]
344,-0.03113113113113114,[-0.00252992],[-0.06653174],[-1.31689769e-05],[-0.00181645]
345,-0.03093093093093094,[-0.00265198],[-0.06752949],[-8.37234795e-05],[-0.0020434]
346,-0.030730730730730738,[-0.00279686],[-0.06627307],[-0.00014106],[-0.00173333]
347,-0.030530530530530536,[-0.00265808],[-0.06938059],[-0.00010141],[-0.00185448]
348,-0.030330330330330335,[-0.00280084],[-0.06736746],[-0.00011726],[-0.0016038]
349,-0.030130130130130134,[-0.00282142],[-0.06624663],[-8.16567675e-05],[-0.00170765]
350,-0.029929929929929933,[-0.00278536],[-0.06600122],[-0.00010703],[-0.00211688]
351,-0.02972972972972973,[-0.00280111],[-0.06794921],[-0.00010088],[-0.0018954]
352,-0.02952952952952953,[-0.00275915],[-0.06775443],[-7.8733193e-05],[-0.00181549]
353,-0.02932932932932933,[-0.00276237],[-0.06723545],[-0.00015283],[-0.00165809]
354,-0.029129129129129128,[-0.0029455],[-0.06796878],[-0.0001233],[-0.00177584]
355,-0.028928928928928926,[-0.0030114],[-0.06756588],[-0.00013515],[-0.00171091]
356,-0.028728728728728725,[-0.00275027],[-0.06736204],[-0.00011756],[-0.00192802]
357,-0.028528528528528524,[-0.00247923],[-0.06616403],[-7.70240225e-05],[-0.00170193]
358,-0.028328328328328337,[-0.00294601],[-0.06789359],[-3.21263352e-05],[-0.00195979]
359,-0.028128128128128135,[-0.00250615],[-0.06780712],[-9.00743382e-05],[-0.00185533]
360,-0.027927927927927934,[-0.00276354],[-0.06718959],[-8.29222078e-05],[-0.0016856]
361,-0.027727727727727733,[-0.00299546],[-0.06814087],[-2.77038407e-05],[-0.00169282]
362,-0.02752752752752753,[-0.00300636],[-0.06938672],[-0.00010157],[-0.00166415]
363,-0.02732732732732733,[-0.00279481],[-0.06830396],[-0.00011902],[-0.00198273]
364,-0.02712712712712713,[-0.00290224],[-0.06712228],[-0.00012973],[-0.00150006]
365,-0.026926926926926928,[-0.00289887],[-0.06944393],[-0.00013636],[-0.00205982]
366,-0.026726726726726727,[-0.00276622],[-0.06999447],[-9.80509874e-05],[-0.00190785]
367,-0.026526526526526525,[-0.00266711],[-0.06846296],[-0.00015386],[-0.00164246]
368,-0.026326326326326324,[-0.00245755],[-0.06748975],[-9.51864719e-05],[-0.00139324]
369,-0.026126126126126123,[-0.00287126],[-0.06747102],[-0.00010426],[-0.00168642]
370,-0.02592592592592592,[-0.00286603],[-0.06807707],[-0.00011131],[-0.00201408]
371,-0.025725725725725734,[-0.00270083],[-0.0676341],[-0.00013328],[-0.00203076]
372,-0.025525525525525533,[-0.00272233],[-0.06890045],[-0.00017292],[-0.00174786]
373,-0.025325325325325332,[-0.00269573],[-0.06694208],[-4.91201847e-05],[-0.00174881]
374,-0.02512512512512513,[-0.00306362],[-0.06724238],[-0.00011463],[-0.00216021]
375,-0.02492492492492493,[-0.00272326],[-0.06860137],[-8.87180926e-05],[-0.00191516]
376,-0.024724724724724728,[-0.00253294],[-0.07045712],[-0.00015377],[-0.00188442]
377,-0.024524524524524527,[-0.00300061],[-0.06822207],[-9.48340539e-05],[-0.00191221]
378,-0.024324324324324326,[-0.00268745],[-0.06832765],[-3.19590521e-05],[-0.00174899]
379,-0.024124124124124124,[-0.0029755],[-0.06795751],[-0.000137],[-0.00168908]
380,-0.023923923923923923,[-0.00271729],[-0.06836801],[-8.21901401e-05],[-0.00180994]
381,-0.023723723723723722,[-0.00290147],[-0.06955004],[-0.00010214],[-0.00195778]
382,-0.02352352352352352,[-0.00271068],[-0.06891968],[-0.0001415],[-0.00190003]
383,-0.02332332332332332,[-0.00280016],[-0.07174281],[-0.00010739],[-0.00163268]
384,-0.023123123123123118,[-0.00291779],[-0.06911831],[-0.00010329],[-0.00181278]
385,-0.02292292292292293,[-0.00281291],[-0.06909413],[-0.00012662],[-0.00187874]
386,-0.02272272272272273,[-0.00256341],[-0.06928306],[-0.00011651],[-0.00169145]
387,-0.02252252252252253,[-0.00297816],[-0.06781222],[-0.00015763],[-0.00156078]
388,-0.022322322322322327,[-0.00284588],[-0.06828057],[-9.14552008e-05],[-0.00172577]
389,-0.022122122122122126,[-0.00294904],[-0.06832965],[-0.00014717],[-0.00199083]
390,-0.021921921921921925,[-0.00237484],[-0.0695688],[-0.00012556],[-0.00184088]
391,-0.021721721721721723,[-0.00254932],[-0.06825836],[-8.45656931e-05],[-0.00181273]
392,-0.021521521521521522,[-0.00295371],[-0.06951153],[-9.2630632e-05],[-0.00192087]
393,-0.02132132132132132,[-0.00260937],[-0.06962439],[-0.00014623],[-0.0019524]
394,-0.02112112112112112,[-0.00276555],[-0.06843588],[-0.00018004],[-0.00184952]
395,-0.02092092092092092,[-0.0028158],[-0.0675359],[-0.0001409],[-0.00153029]
396,-0.020720720720720717,[-0.00290593],[-0.06906887],[-0.00012156],[-0.00170997]
397,-0.020520520520520516,[-0.00270548],[-0.07213264],[-0.00016811],[-0.00183925]
398,-0.02032032032032033,[-0.00293654],[-0.06994509],[-0.00013891],[-0.00188647]
399,-0.020120120120120127,[-0.00291408],[-0.0689808],[-0.00012122],[-0.00185716]
400,-0.019919919919919926,[-0.00271153],[-0.0684142],[-0.00014308],[-0.00168749]
401,-0.019719719719719725,[-0.0026295],[-0.06998606],[-0.00013252],[-0.00193183]
402,-0.019519519519519524,[-0.00268573],[-0.07038431],[-0.00011148],[-0.00182861]
403,-0.019319319319319322,[-0.00273572],[-0.07037131],[-0.00015202],[-0.00167535]
404,-0.01911911911911912,[-0.00273209],[-0.0707503],[-0.00011753],[-0.00189364]
405,-0.01891891891891892,[-0.00292499],[-0.07173077],[-0.00011622],[-0.00186017]
406,-0.01871871871871872,[-0.00274996],[-0.06874724],[-0.00011633],[-0.0020749]
407,-0.018518518518518517,[-0.00254945],[-0.07051121],[-6.81966417e-05],[-0.00195775]
408,-0.018318318318318316,[-0.0031693],[-0.07095945],[-0.00014386],[-0.00164009]
409,-0.018118118118118115,[-0.00280038],[-0.07009538],[-0.00014677],[-0.00175231]
410,-0.017917917917917914,[-0.00282062],[-0.07123418],[-9.00821424e-05],[-0.00205989]
411,-0.017717717717717726,[-0.00303883],[-0.07130779],[-9.15754484e-05],[-0.00178839]
412,-0.017517517517517525,[-0.00285459],[-0.06928419],[-0.00012032],[-0.001841]
413,-0.017317317317317324,[-0.0031456],[-0.06931856],[-8.45688155e-05],[-0.0017324]
414,-0.017117117117117123,[-0.00283253],[-0.07019536],[-0.00010094],[-0.00196765]
415,-0.01691691691691692,[-0.00293853],[-0.07046196],[-0.00012587],[-0.00172583]
416,-0.01671671671671672,[-0.00301553],[-0.07097709],[-0.00014594],[-0.00174461]
417,-0.01651651651651652,[-0.00266659],[-0.07158324],[-0.00013982],[-0.0018008]
418,-0.016316316316316318,[-0.00280164],[-0.07106718],[-0.0001011],[-0.00185621]
419,-0.016116116116116116,[-0.00277215],[-0.07083018],[-0.00012751],[-0.00191247]
420,-0.015915915915915915,[-0.00293845],[-0.07076],[-7.97555531e-05],[-0.00185833]
421,-0.015715715715715714,[-0.00274073],[-0.07137906],[-5.57166314e-05],[-0.00188444]
422,-0.015515515515515513,[-0.00292205],[-0.07162334],[-0.00011314],[-0.00176955]
423,-0.015315315315315312,[-0.00268906],[-0.07294384],[-0.00011787],[-0.00192531]
424,-0.01511511511511511,[-0.00281114],[-0.07078373],[-0.00010118],[-0.00174776]
425,-0.014914914914914923,[-0.00268571],[-0.06915157],[-0.00017491],[-0.00171205]
426,-0.014714714714714722,[-0.00290322],[-0.07071964],[-7.8143714e-05],[-0.00177714]
427,-0.01451451451451452,[-0.00284367],[-0.07056831],[-7.76722254e-05],[-0.00190583]
428,-0.01431431431431432,[-0.00267871],[-0.07156873],[-4.95359537e-05],[-0.00189694]
429,-0.014114114114114118,[-0.00284553],[-0.07251919],[-5.46077013e-05],[-0.00183233]
430,-0.013913913913913917,[-0.00265025],[-0.06989526],[-0.00010434],[-0.00214242]
431,-0.013713713713713716,[-0.00311289],[-0.07150465],[-0.00013894],[-0.0016797]
432,-0.013513513513513514,[-0.00300936],[-0.0700684],[-0.00018254],[-0.00167246]
433,-0.013313313313313313,[-0.00312694],[-0.0723662],[-0.00013741],[-0.00187727]
434,-0.013113113113113112,[-0.00269419],[-0.07182975],[-0.00013087],[-0.0019016]
435,-0.01291291291291291,[-0.00295289],[-0.07076212],[-0.0001135],[-0.00167902]
436,-0.01271271271271271,[-0.00309475],[-0.07232541],[-0.0001021],[-0.00197642]
437,-0.012512512512512508,[-0.00303951],[-0.07021148],[-0.00010525],[-0.00181262]
438,-0.01231231231231232,[-0.00271343],[-0.07080879],[-0.00013878],[-0.0019815]
439,-0.01211211211211212,[-0.00281357],[-0.07242436],[-0.0001429],[-0.00184205]
440,-0.011911911911911918,[-0.0027743],[-0.07137453],[-0.00012305],[-0.00158532]
441,-0.011711711711711717,[-0.00273866],[-0.07025403],[-8.36184634e-05],[-0.00215369]
442,-0.011511511511511516,[-0.00301843],[-0.07160471],[-9.59201313e-05],[-0.00185511]
443,-0.011311311311311315,[-0.00311181],[-0.07129108],[-0.00011921],[-0.0019655]
444,-0.011111111111111113,[-0.0027881],[-0.07085592],[-0.0001094],[-0.00165782]
445,-0.010910910910910912,[-0.00304661],[-0.07118993],[-0.00010637],[-0.0017107]
446,-0.01071071071071071,[-0.00287344],[-0.07352794],[-9.86973832e-05],[-0.00163365]
447,-0.01051051051051051,[-0.00271157],[-0.06879666],[-6.47456603e-05],[-0.00193927]
448,-0.010310310310310308,[-0.00320734],[-0.07116464],[-8.90190192e-05],[-0.00196712]
449,-0.010110110110110107,[-0.00309546],[-0.07028856],[-0.00011894],[-0.00178339]
450,-0.009909909909909906,[-0.00296632],[-0.07117962],[-6.12950332e-05],[-0.00154111]
451,-0.009709709709709705,[-0.00268046],[-0.07167445],[-0.00014385],[-0.00201368]
452,-0.009509509509509517,[-0.00280099],[-0.07067055],[-0.00011296],[-0.00169287]
453,-0.009309309309309316,[-0.00252358],[-0.07128001],[-9.64074018e-05],[-0.00174817]
454,-0.009109109109109115,[-0.00299012],[-0.0716487],[-0.00011802],[-0.00202397]
455,-0.008908908908908914,[-0.00301496],[-0.07102024],[-0.00012484],[-0.00178454]
456,-0.008708708708708712,[-0.00284998],[-0.0721442],[-3.99102846e-05],[-0.00199843]
457,-0.008508508508508511,[-0.00280025],[-0.07276521],[-6.3128847e-05],[-0.00198645]
458,-0.00830830830830831,[-0.00286561],[-0.07139902],[-8.50200099e-05],[-0.00188632]
459,-0.008108108108108109,[-0.00274083],[-0.07249723],[-7.93782212e-05],[-0.00168419]
460,-0.007907907907907907,[-0.00293076],[-0.06992343],[-0.00011195],[-0.00191319]
461,-0.007707707707707706,[-0.00295643],[-0.07048655],[-6.6742241e-05],[-0.00175404]
462,-0.007507507507507505,[-0.00286099],[-0.07269477],[-9.38787499e-05],[-0.00167243]
463,-0.007307307307307304,[-0.00274192],[-0.07174172],[-0.0001231],[-0.00177073]
464,-0.007107107107107102,[-0.00274535],[-0.07300846],[-0.00011287],[-0.00197885]
465,-0.006906906906906915,[-0.0029215],[-0.07262351],[-0.00016779],[-0.00152232]
466,-0.006706706706706714,[-0.00273962],[-0.07096561],[-0.0001293],[-0.00198416]
467,-0.0065065065065065125,[-0.00276642],[-0.07219263],[-0.00010966],[-0.0021021]
468,-0.006306306306306311,[-0.00307275],[-0.0715265],[-8.07237369e-05],[-0.00174967]
469,-0.00610610610610611,[-0.00280053],[-0.07203409],[-0.00015269],[-0.00164263]
470,-0.005905905905905909,[-0.00285704],[-0.07108464],[-0.00010017],[-0.00199344]
471,-0.0057057057057057076,[-0.00301064],[-0.07222033],[-0.00016599],[-0.00195574]
472,-0.005505505505505506,[-0.00299443],[-0.07123272],[-0.00010293],[-0.00176164]
473,-0.005305305305305305,[-0.00279362],[-0.07153083],[-0.00010661],[-0.00175968]
474,-0.005105105105105104,[-0.00274315],[-0.07212518],[-0.00014075],[-0.00184114]
475,-0.004904904904904903,[-0.00263639],[-0.07195814],[-0.00012983],[-0.00153584]
476,-0.004704704704704701,[-0.00264253],[-0.07440164],[-0.00014542],[-0.00157729]
477,-0.0045045045045045,[-0.0030166],[-0.07202166],[-0.00010432],[-0.0015622]
478,-0.004304304304304299,[-0.00288224],[-0.07212439],[-5.96647726e-05],[-0.00170296]
479,-0.0041041041041041115,[-0.00295239],[-0.07234266],[-0.00014298],[-0.00187155]
480,-0.0039039039039039103,[-0.00264232],[-0.07137742],[-0.00010193],[-0.00186804]
481,-0.003703703703703709,[-0.0024863],[-0.07025525],[-0.00010861],[-0.00223146]
482,-0.003503503503503508,[-0.00310776],[-0.0711736],[-0.00010858],[-0.0020822]
483,-0.0033033033033033066,[-0.00304989],[-0.06999504],[-0.00013377],[-0.00180719]
484,-0.0031031031031031053,[-0.00313467],[-0.07052879],[-0.00011103],[-0.002203]
485,-0.002902902902902904,[-0.00271804],[-0.07391776],[-0.00018053],[-0.0017319]
486,-0.002702702702702703,[-0.00293027],[-0.07006123],[-0.00010892],[-0.00201189]
487,-0.0025025025025025016,[-0.00293342],[-0.07228969],[-5.97692494e-05],[-0.00183799]
488,-0.0023023023023023004,[-0.00288109],[-0.07019945],[-0.00012629],[-0.00178801]
489,-0.002102102102102099,[-0.00293734],[-0.072256],[-4.67082846e-05],[-0.00214687]
490,-0.001901901901901898,[-0.00280626],[-0.07070618],[-0.00010645],[-0.00192968]
491,-0.0017017017017016967,[-0.00286081],[-0.07120252],[-0.00015686],[-0.00215505]
492,-0.0015015015015015093,[-0.00273307],[-0.07044253],[-0.00011505],[-0.00185652]
493,-0.001301301301301308,[-0.00303704],[-0.0714517],[-0.00016481],[-0.00187392]
494,-0.0011011011011011068,[-0.00263172],[-0.07231201],[-0.00010903],[-0.00177073]
495,-0.0009009009009009056,[-0.00303775],[-0.07296482],[-0.00016511],[-0.00163526]
496,-0.0007007007007007043,[-0.00290307],[-0.07090549],[-0.00013577],[-0.00176894]
497,-0.0005005005005005031,[-0.00288697],[-0.07226056],[-0.00014296],[-0.00183907]
498,-0.00030030030030030186,[-0.00267972],[-0.07071688],[-0.00014921],[-0.00196632]
499,-0.00010010010010010062,[-0.00283506],[-0.07305716],[-9.78324162e-05],[-0.00167846]
500,0.00010010010010010062,[-0.00287206],[-0.06986127],[-0.00011118],[-0.00208324]
501,0.00030030030030030186,[-0.00283191],[-0.07208975],[-8.14034371e-05],[-0.0019883]
502,0.0005005005005005031,[-0.00324722],[-0.07140927],[-8.26097272e-05],[-0.0018985]
503,0.0007007007007007043,[-0.00248559],[-0.07147037],[-0.00010496],[-0.00199639]
504,0.0009009009009009056,[-0.0028737],[-0.07139607],[-0.00010757],[-0.00153881]
505,0.0011011011011011068,[-0.00293124],[-0.07237791],[-0.00014674],[-0.00205603]
506,0.0013013013013012942,[-0.002691],[-0.07188295],[-0.00011579],[-0.00185793]
507,0.0015015015015014954,[-0.00282147],[-0.07184002],[-0.00015901],[-0.00224392]
508,0.0017017017017016967,[-0.00271176],[-0.07108662],[-0.00012857],[-0.00189222]
509,0.001901901901901898,[-0.00289389],[-0.07080392],[-0.00013487],[-0.00197328]
510,0.002102102102102099,[-0.00294071],[-0.0721409],[-8.13211236e-05],[-0.00192301]
511,0.0023023023023023004,[-0.00318395],[-0.07260739],[-0.00010708],[-0.00158925]
512,0.0025025025025025016,[-0.00278091],[-0.0721796],[-0.00011629],[-0.00193783]
513,0.002702702702702703,[-0.00315209],[-0.07075157],[-8.73233201e-05],[-0.00186983]
514,0.002902902902902904,[-0.00295339],[-0.07064692],[-0.00013168],[-0.00187771]
515,0.0031031031031031053,[-0.00265306],[-0.07124733],[-7.83335253e-05],[-0.00183032]
516,0.0033033033033033066,[-0.00290017],[-0.07276115],[-0.00011635],[-0.00185257]
517,0.003503503503503508,[-0.00305176],[-0.07165375],[-0.0001289],[-0.00220437]
518,0.003703703703703709,[-0.00301882],[-0.07325358],[-0.00011012],[-0.00181183]
519,0.0039039039039038964,[-0.00280837],[-0.07222896],[-0.00011685],[-0.00189114]
520,0.004104104104104098,[-0.00278264],[-0.07301176],[-0.00013043],[-0.00183674]
521,0.004304304304304299,[-0.00264733],[-0.07120267],[-0.00016315],[-0.00168672]
522,0.0045045045045045,[-0.00298205],[-0.0713624],[-8.50848509e-05],[-0.0019543]
523,0.004704704704704701,[-0.00266271],[-0.07393905],[-8.86636491e-05],[-0.0020154]
524,0.004904904904904903,[-0.00307011],[-0.07131061],[-0.0001686],[-0.001881]
525,0.005105105105105104,[-0.00279833],[-0.06988742],[-7.35872722e-05],[-0.00188294]
526,0.005305305305305305,[-0.00292705],[-0.07212136],[-0.00013311],[-0.00193529]
527,0.005505505505505506,[-0.00287884],[-0.07074723],[-0.00011078],[-0.00204326]
528,0.0057057057057057076,[-0.00291015],[-0.07166165],[-0.00010348],[-0.00163286]
529,0.005905905905905909,[-0.00282849],[-0.07065981],[-0.00012752],[-0.00176088]
530,0.00610610610610611,[-0.0029194],[-0.07104873],[-0.00013751],[-0.00180921]
531,0.006306306306306311,[-0.00285315],[-0.07130463],[-5.11400748e-05],[-0.00184825]
532,0.0065065065065065125,[-0.00315783],[-0.07158678],[-0.0001555],[-0.00154957]
533,0.0067067067067067,[-0.00242525],[-0.0700912],[-0.00011748],[-0.00187968]
534,0.006906906906906901,[-0.00282011],[-0.07239069],[-0.00013662],[-0.00192888]
535,0.007107107107107102,[-0.00280419],[-0.07128141],[-0.00010287],[-0.00163225]
536,0.007307307307307304,[-0.00293791],[-0.07136817],[-9.32368827e-05],[-0.00204085]
537,0.007507507507507505,[-0.00296157],[-0.06987977],[-0.00012082],[-0.00174844]
538,0.007707707707707706,[-0.0028924],[-0.07164952],[-7.25727653e-05],[-0.00143358]
539,0.007907907907907907,[-0.00275265],[-0.07071219],[-0.00012706],[-0.00188421]
540,0.008108108108108109,[-0.00290528],[-0.07069511],[-0.00010808],[-0.0021597]
541,0.00830830830830831,[-0.00294436],[-0.07051168],[-0.00013201],[-0.00200163]
542,0.008508508508508511,[-0.00311368],[-0.07001992],[-0.00013197],[-0.00163414]
543,0.008708708708708712,[-0.00282436],[-0.06996496],[-8.71679863e-05],[-0.00173892]
544,0.008908908908908914,[-0.00310668],[-0.07234945],[-0.00012249],[-0.00210117]
545,0.009109109109109115,[-0.00279435],[-0.07060714],[-3.99272583e-05],[-0.00193302]
546,0.009309309309309302,[-0.00295473],[-0.0706276],[-0.00013764],[-0.00192113]
547,0.009509509509509503,[-0.00276549],[-0.07072839],[-0.00011055],[-0.00190517]
548,0.009709709709709705,[-0.0029508],[-0.07195971],[-0.00015897],[-0.00211359]
549,0.009909909909909906,[-0.00284868],[-0.07091268],[-0.0001562],[-0.0019422]
550,0.010110110110110107,[-0.00278917],[-0.07250979],[-0.0001021],[-0.00192705]
551,0.010310310310310308,[-0.0028856],[-0.07137439],[-0.00014442],[-0.00213448]
552,0.01051051051051051,[-0.00267266],[-0.07016051],[-5.74214297e-05],[-0.00183446]
553,0.01071071071071071,[-0.00273697],[-0.07187713],[-8.15519103e-05],[-0.00173235]
554,0.010910910910910912,[-0.00274316],[-0.07181727],[-8.3643431e-05],[-0.00165997]
555,0.011111111111111113,[-0.00275798],[-0.07178034],[-9.46241304e-05],[-0.00212495]
556,0.011311311311311315,[-0.00287313],[-0.07218112],[-0.00016501],[-0.00170851]
557,0.011511511511511516,[-0.0027955],[-0.07224025],[-0.00012082],[-0.00165557]
558,0.011711711711711717,[-0.00273497],[-0.07176403],[-0.0001456],[-0.00196751]
559,0.011911911911911918,[-0.00314258],[-0.07169329],[-9.25974215e-05],[-0.00184477]
560,0.012112112112112106,[-0.00281241],[-0.06872247],[-0.00012527],[-0.00188878]
561,0.012312312312312307,[-0.00287706],[-0.07011962],[-0.00015456],[-0.00166185]
562,0.012512512512512508,[-0.0028807],[-0.07051033],[-0.00015729],[-0.0018881]
563,0.01271271271271271,[-0.00306474],[-0.07059529],[-8.69127909e-05],[-0.00201359]
564,0.01291291291291291,[-0.00308329],[-0.07122021],[-7.34074926e-05],[-0.00173291]
565,0.013113113113113112,[-0.00307468],[-0.06996199],[-9.61278628e-05],[-0.00182219]
566,0.013313313313313313,[-0.00269565],[-0.06971058],[-8.89571941e-05],[-0.00181489]
567,0.013513513513513514,[-0.00274853],[-0.07226936],[-0.00014539],[-0.00186778]
568,0.013713713713713716,[-0.00316227],[-0.07062087],[-0.00011693],[-0.00166519]
569,0.013913913913913917,[-0.00306172],[-0.07100883],[-0.00013264],[-0.00203716]
570,0.014114114114114118,[-0.00307434],[-0.0710068],[-0.00011074],[-0.00190779]
571,0.01431431431431432,[-0.0026931],[-0.06999203],[-0.00015827],[-0.00183947]
572,0.01451451451451452,[-0.00296078],[-0.06859348],[-0.00016872],[-0.0018862]
573,0.014714714714714708,[-0.00269082],[-0.07026291],[-0.00015621],[-0.00202837]
574,0.014914914914914909,[-0.00293541],[-0.07043141],[-0.0001101],[-0.00195672]
575,0.01511511511511511,[-0.00258986],[-0.07008271],[-0.00015109],[-0.00179888]
576,0.015315315315315312,[-0.00269524],[-0.07220965],[-0.00015217],[-0.00174245]
577,0.015515515515515513,[-0.00288076],[-0.07057212],[-0.00014325],[-0.00185237]
578,0.015715715715715714,[-0.00307277],[-0.07136273],[-5.8921014e-05],[-0.00172907]
579,0.015915915915915915,[-0.00273057],[-0.07023726],[-9.13714708e-05],[-0.00184653]
580,0.016116116116116116,[-0.00292044],[-0.06979796],[-6.09808122e-05],[-0.00175357]
581,0.016316316316316318,[-0.0028343],[-0.07115301],[-9.93642251e-05],[-0.0019857]
582,0.01651651651651652,[-0.00302191],[-0.07245772],[-6.90162174e-05],[-0.00200758]
583,0.01671671671671672,[-0.00293728],[-0.07092827],[-0.0001328],[-0.00167053]
584,0.01691691691691692,[-0.00309014],[-0.0704966],[-5.56067446e-05],[-0.00183823]
585,0.017117117117117123,[-0.00299005],[-0.07106491],[-0.00013929],[-0.0020897]
586,0.017317317317317324,[-0.00288671],[-0.07017063],[-0.00013763],[-0.00183184]
587,0.01751751751751751,[-0.0028579],[-0.07065615],[-0.00011885],[-0.00179356]
588,0.017717717717717713,[-0.00275491],[-0.07267623],[-9.35190988e-05],[-0.00188565]
589,0.017917917917917914,[-0.00268487],[-0.07000822],[-0.00013782],[-0.00181049]
590,0.018118118118118115,[-0.00284587],[-0.07109137],[-0.0001557],[-0.00200392]
591,0.018318318318318316,[-0.00304895],[-0.0719602],[-0.00015412],[-0.00163568]
592,0.018518518518518517,[-0.0029589],[-0.0702511],[-0.00014165],[-0.00176164]
593,0.01871871871871872,[-0.00262816],[-0.07094616],[-8.54537273e-05],[-0.00175788]
594,0.01891891891891892,[-0.0030817],[-0.07040244],[-0.00013868],[-0.00183138]
595,0.01911911911911912,[-0.00281802],[-0.06908793],[-0.00013901],[-0.0017647]
596,0.019319319319319322,[-0.00299242],[-0.07025522],[-0.00010834],[-0.00199731]
597,0.019519519519519524,[-0.00252724],[-0.06964821],[-0.00013447],[-0.00189815]
598,0.019719719719719725,[-0.00274972],[-0.06869712],[-0.00012517],[-0.00179277]
599,0.019919919919919926,[-0.00286892],[-0.06920411],[-0.00013005],[-0.00168264]
600,0.020120120120120114,[-0.00282804],[-0.07006432],[-0.00013612],[-0.00207056]
601,0.020320320320320315,[-0.00271873],[-0.06945703],[-0.00010963],[-0.00187817]
602,0.020520520520520516,[-0.00266789],[-0.06816219],[-0.00014271],[-0.00198049]
603,0.020720720720720717,[-0.00276506],[-0.06894606],[-8.33949328e-05],[-0.00186618]
604,0.02092092092092092,[-0.00285964],[-0.06854697],[-0.00010881],[-0.00183494]
605,0.02112112112112112,[-0.00274319],[-0.07065415],[-0.00013752],[-0.00203854]
606,0.02132132132132132,[-0.00269922],[-0.07036149],[-0.00010812],[-0.00149305]
607,0.021521521521521522,[-0.00266678],[-0.07016129],[-0.00013373],[-0.00187672]
608,0.021721721721721723,[-0.00286748],[-0.07022604],[-0.00010441],[-0.00208244]
609,0.021921921921921925,[-0.00282551],[-0.06977004],[-0.00015877],[-0.00180038]
610,0.022122122122122126,[-0.00272472],[-0.06922385],[-0.00015462],[-0.00173761]
611,0.022322322322322327,[-0.00311024],[-0.06963866],[-0.00016731],[-0.00185]
612,0.02252252252252253,[-0.0030896],[-0.0691997],[-0.00012546],[-0.00143297]
613,0.02272272272272273,[-0.00279481],[-0.06847679],[-9.37380573e-05],[-0.00197146]
614,0.022922922922922917,[-0.0028167],[-0.07006701],[-0.0001671],[-0.00200886]
615,0.023123123123123118,[-0.00305084],[-0.0689344],[-0.00013421],[-0.00164207]
616,0.02332332332332332,[-0.00302083],[-0.07057858],[-8.84705352e-05],[-0.00195908]
617,0.02352352352352352,[-0.00277892],[-0.0713316],[-0.00018712],[-0.00174642]
618,0.023723723723723722,[-0.00275507],[-0.06828423],[-0.00014051],[-0.00176106]
619,0.023923923923923923,[-0.00284382],[-0.06896108],[-8.64913518e-05],[-0.00186565]
620,0.024124124124124124,[-0.00274822],[-0.06893037],[-6.85212536e-05],[-0.00164913]
621,0.024324324324324326,[-0.00284306],[-0.06910344],[-0.00017675],[-0.00163247]
622,0.024524524524524527,[-0.00285599],[-0.06866541],[-8.09545936e-05],[-0.00168244]
623,0.024724724724724728,[-0.0027154],[-0.0694115],[-7.73973436e-05],[-0.00156197]
624,0.02492492492492493,[-0.00288149],[-0.06861229],[-8.69626146e-05],[-0.00162544]
625,0.02512512512512513,[-0.00262178],[-0.06816633],[-9.43488061e-05],[-0.00187499]
626,0.025325325325325332,[-0.00302192],[-0.06736683],[-9.55036346e-05],[-0.0019399]
627,0.025525525525525533,[-0.00260297],[-0.06795432],[-0.00012561],[-0.00162802]
628,0.025725725725725734,[-0.00287804],[-0.06728606],[-0.00014662],[-0.00203935]
629,0.025925925925925936,[-0.0028974],[-0.06970005],[-0.00018223],[-0.00167822]
630,0.026126126126126137,[-0.00267014],[-0.0684701],[-9.21881539e-05],[-0.00209641]
631,0.026326326326326338,[-0.00294589],[-0.06717469],[-0.00013205],[-0.00172554]
632,0.02652652652652654,[-0.00256867],[-0.06866318],[-0.00015219],[-0.00212235]
633,0.02672672672672674,[-0.00288334],[-0.06673963],[-0.0001312],[-0.00171396]
634,0.026926926926926914,[-0.00259079],[-0.06896291],[-0.00012001],[-0.00190721]
635,0.027127127127127115,[-0.00303528],[-0.06794907],[-8.94882544e-05],[-0.00186005]
636,0.027327327327327317,[-0.00267669],[-0.06793854],[-9.67118543e-05],[-0.00153796]
637,0.027527527527527518,[-0.00279474],[-0.06665232],[-0.00014004],[-0.00174847]
638,0.02772772772772772,[-0.00276845],[-0.06900968],[-0.00010932],[-0.00177462]
639,0.02792792792792792,[-0.00248951],[-0.06835745],[-0.00011887],[-0.00201101]
640,0.02812812812812812,[-0.00287044],[-0.06816851],[-0.00011369],[-0.00176508]
641,0.028328328328328323,[-0.00262786],[-0.06749685],[-0.00012609],[-0.00198592]
642,0.028528528528528524,[-0.00281746],[-0.06817944],[-0.0001415],[-0.00225271]
643,0.028728728728728725,[-0.00287166],[-0.06870023],[-5.10099386e-05],[-0.00196572]
644,0.028928928928928926,[-0.00274236],[-0.06767641],[-9.50166595e-05],[-0.00175397]
645,0.029129129129129128,[-0.00289281],[-0.06672277],[-0.00010629],[-0.00166813]
646,0.02932932932932933,[-0.00302085],[-0.06827732],[-9.12894293e-05],[-0.00162632]
647,0.02952952952952953,[-0.00287508],[-0.06625687],[-0.00014933],[-0.00201873]
648,0.02972972972972973,[-0.00285379],[-0.06693222],[-0.00011227],[-0.00163967]
649,0.029929929929929933,[-0.00245163],[-0.06765608],[-0.00011851],[-0.00169859]
650,0.030130130130130134,[-0.00239563],[-0.06640252],[-0.00016004],[-0.00183393]
651,0.030330330330330335,[-0.00271854],[-0.06823408],[-0.00016626],[-0.00175609]
652,0.030530530530530536,[-0.00282914],[-0.06696565],[-7.36797455e-05],[-0.00181789]
653,0.030730730730730738,[-0.00256867],[-0.06787906],[-0.00012871],[-0.0015926]
654,0.03093093093093094,[-0.00281506],[-0.06562347],[-8.43224176e-05],[-0.001472]
655,0.03113113113113114,[-0.00270056],[-0.0659297],[-4.70748552e-05],[-0.00186851]
656,0.03133133133133134,[-0.00284247],[-0.06658899],[-8.96698293e-05],[-0.00170471]
657,0.03153153153153154,[-0.00259729],[-0.0684219],[-0.0001011],[-0.00204135]
658,0.031731731731731744,[-0.00275023],[-0.06691156],[-0.00016322],[-0.00164083]
659,0.031931931931931945,[-0.00256596],[-0.06819277],[-8.20923052e-05],[-0.00178535]
660,0.032132132132132146,[-0.00264183],[-0.06650211],[-9.30501338e-05],[-0.0018017]
661,0.03233233233233232,[-0.00294343],[-0.06531496],[-0.00015265],[-0.00173849]
662,0.03253253253253252,[-0.00262813],[-0.06460867],[-0.00011941],[-0.00184499]
663,0.03273273273273272,[-0.0026284],[-0.06530968],[-9.95891314e-05],[-0.00184061]
664,0.03293293293293292,[-0.00268667],[-0.06727199],[-8.96297402e-05],[-0.00193414]
665,0.033133133133133125,[-0.00265894],[-0.06677089],[-6.84516317e-05],[-0.00178685]
666,0.033333333333333326,[-0.00285298],[-0.06512464],[-0.00014166],[-0.00180994]
667,0.03353353353353353,[-0.00277771],[-0.06630054],[-0.00010884],[-0.00215804]
668,0.03373373373373373,[-0.00278828],[-0.0646087],[-0.00013514],[-0.00211824]
669,0.03393393393393393,[-0.00283091],[-0.065025],[-0.00013439],[-0.00206488]
670,0.03413413413413413,[-0.00286265],[-0.06520479],[-0.00011905],[-0.00185605]
671,0.03433433433433433,[-0.00265025],[-0.06543554],[-9.01928821e-05],[-0.0013401]
672,0.03453453453453453,[-0.00272372],[-0.0625721],[-9.36877748e-05],[-0.00171507]
673,0.034734734734734735,[-0.00254939],[-0.06583908],[-0.00014037],[-0.00171509]
674,0.034934934934934936,[-0.00260671],[-0.06589474],[-9.48753164e-05],[-0.00177619]
675,0.03513513513513514,[-0.00256026],[-0.06413492],[-0.00012291],[-0.00175896]
676,0.03533533533533534,[-0.00247783],[-0.0634433],[-0.00012093],[-0.00174402]
677,0.03553553553553554,[-0.00309649],[-0.06262051],[-6.35352962e-05],[-0.00177711]
678,0.03573573573573574,[-0.00263477],[-0.06383242],[-7.93042087e-05],[-0.0018616]
679,0.03593593593593594,[-0.00276187],[-0.06418372],[-0.00010143],[-0.00152363]
680,0.03613613613613614,[-0.0026206],[-0.06386024],[-9.40367511e-05],[-0.00191335]
681,0.036336336336336345,[-0.00274083],[-0.0635515],[-0.0001209],[-0.00158162]
682,0.036536536536536546,[-0.00266912],[-0.06316399],[-6.03125889e-05],[-0.00189779]
683,0.03673673673673675,[-0.00254624],[-0.06240512],[-0.00014359],[-0.00159526]
684,0.03693693693693695,[-0.00276767],[-0.061916],[-0.00011709],[-0.0018659]
685,0.03713713713713715,[-0.00287398],[-0.06182415],[-0.00014301],[-0.00181082]
686,0.03733733733733735,[-0.00287057],[-0.06317021],[-9.95911329e-05],[-0.00204444]
687,0.03753753753753755,[-0.00245161],[-0.06127891],[-8.65099447e-05],[-0.00199648]
688,0.037737737737737725,[-0.00279478],[-0.06066589],[-0.00012331],[-0.00200065]
689,0.03793793793793793,[-0.00267212],[-0.06145648],[-0.00014745],[-0.0016245]
690,0.03813813813813813,[-0.00281283],[-0.06099568],[-0.00011937],[-0.00169923]
691,0.03833833833833833,[-0.00264415],[-0.06042801],[-0.0001153],[-0.00190258]
692,0.03853853853853853,[-0.00267357],[-0.06045863],[-0.00012015],[-0.00167075]
693,0.03873873873873873,[-0.00273291],[-0.06091493],[-0.00019583],[-0.00157532]
694,0.03893893893893893,[-0.00259036],[-0.06322571],[-7.50063537e-05],[-0.00172834]
695,0.039139139139139134,[-0.00258441],[-0.05896953],[-0.00016564],[-0.00179142]
696,0.039339339339339335,[-0.0026306],[-0.05852609],[-9.5533808e-05],[-0.00173029]
697,0.03953953953953954,[-0.00265943],[-0.05903099],[-0.00010453],[-0.00194611]
698,0.03973973973973974,[-0.00258963],[-0.05792288],[-9.6675816e-05],[-0.00163936]
699,0.03993993993993994,[-0.00284826],[-0.06001819],[-0.00015609],[-0.00179165]
700,0.04014014014014014,[-0.00286833],[-0.05911208],[-0.00013198],[-0.0021174]
701,0.04034034034034034,[-0.00228004],[-0.05668035],[-0.00010948],[-0.00155897]
702,0.04054054054054054,[-0.00271342],[-0.05658864],[-0.00013033],[-0.00175459]
703,0.040740740740740744,[-0.0027988],[-0.05734461],[-0.00015233],[-0.00180863]
704,0.040940940940940945,[-0.00251628],[-0.05633738],[-9.44970983e-05],[-0.00185659]
705,0.041141141141141147,[-0.00259374],[-0.05726182],[-0.00013972],[-0.00174972]
706,0.04134134134134135,[-0.00253054],[-0.05629626],[-8.69128044e-05],[-0.00177716]
707,0.04154154154154155,[-0.00255987],[-0.05685113],[-0.00012158],[-0.00205532]
708,0.04174174174174175,[-0.0026455],[-0.05524472],[-8.27682789e-05],[-0.00180616]
709,0.04194194194194195,[-0.00279428],[-0.05695279],[-0.00014866],[-0.00155829]
710,0.04214214214214215,[-0.00239001],[-0.05540078],[-0.00011457],[-0.0020163]
711,0.042342342342342354,[-0.00247689],[-0.0543517],[-9.43186741e-05],[-0.00182755]
712,0.042542542542542555,[-0.00322739],[-0.05422223],[-0.00017514],[-0.0016931]
713,0.042742742742742756,[-0.00260075],[-0.05450813],[-0.00011944],[-0.00192599]
714,0.04294294294294296,[-0.00248386],[-0.05458632],[-0.0001564],[-0.00131432]
715,0.04314314314314313,[-0.00266109],[-0.05475492],[-0.00015433],[-0.00140994]
716,0.04334334334334333,[-0.00254981],[-0.05511685],[-7.69520716e-05],[-0.00155069]
717,0.043543543543543534,[-0.0024911],[-0.05258969],[-8.50891324e-05],[-0.00170028]
718,0.043743743743743735,[-0.00239309],[-0.05137481],[-0.00010166],[-0.00165183]
719,0.043943943943943936,[-0.00256624],[-0.05346924],[-0.00011545],[-0.00192359]
720,0.04414414414414414,[-0.002656],[-0.05147135],[-9.33534148e-05],[-0.00176503]
721,0.04434434434434434,[-0.00281484],[-0.05186939],[-0.00016997],[-0.00175119]
722,0.04454454454454454,[-0.00300571],[-0.05211361],[-0.00013752],[-0.00186905]
723,0.04474474474474474,[-0.0027089],[-0.05038476],[-6.19134797e-05],[-0.00203497]
724,0.04494494494494494,[-0.00256525],[-0.04903377],[-0.00012591],[-0.00179729]
725,0.045145145145145144,[-0.00239585],[-0.0501001],[-0.00013343],[-0.00173746]
726,0.045345345345345345,[-0.00232932],[-0.04897544],[-6.82504841e-05],[-0.00150466]
727,0.045545545545545546,[-0.00252141],[-0.04848348],[-0.00011352],[-0.00166982]
728,0.04574574574574575,[-0.00228685],[-0.04722618],[-0.00011865],[-0.00175577]
729,0.04594594594594595,[-0.00269403],[-0.04868095],[-6.96219944e-05],[-0.00146493]
730,0.04614614614614615,[-0.00228826],[-0.04736182],[-0.0001164],[-0.00176894]
731,0.04634634634634635,[-0.00267356],[-0.04702679],[-0.00011019],[-0.00152357]
732,0.04654654654654655,[-0.00247657],[-0.04806979],[-6.12777669e-05],[-0.00159635]
733,0.04674674674674675,[-0.00261978],[-0.04606318],[-9.69280026e-05],[-0.00185064]
734,0.046946946946946955,[-0.00265738],[-0.0459759],[-8.0252705e-05],[-0.00169333]
735,0.047147147147147156,[-0.00256076],[-0.04625563],[-8.22617084e-05],[-0.00177104]
736,0.04734734734734736,[-0.00248318],[-0.04637141],[-9.26151725e-05],[-0.00154523]
737,0.04754754754754756,[-0.00237583],[-0.04495272],[-0.00012014],[-0.00147907]
738,0.04774774774774776,[-0.00265421],[-0.04266736],[-0.00010869],[-0.00171529]
739,0.04794794794794796,[-0.00243221],[-0.04308255],[-0.0001168],[-0.00184206]
740,0.04814814814814816,[-0.00263676],[-0.04282664],[-0.00010226],[-0.00171507]
741,0.04834834834834836,[-0.00254725],[-0.04353425],[-0.00015138],[-0.00166547]
742,0.04854854854854854,[-0.0026052],[-0.04106072],[-0.00013192],[-0.00195414]
743,0.04874874874874874,[-0.00269871],[-0.04130033],[-5.14372917e-05],[-0.00187763]
744,0.04894894894894894,[-0.00257208],[-0.04136996],[-0.00011097],[-0.00171022]
745,0.04914914914914914,[-0.00235009],[-0.04190567],[-5.83622974e-05],[-0.00182377]
746,0.04934934934934934,[-0.00234485],[-0.03991604],[-7.61234716e-05],[-0.00162755]
747,0.04954954954954954,[-0.00254682],[-0.04121084],[-7.832781e-05],[-0.00183312]
748,0.049749749749749744,[-0.00243288],[-0.03868663],[-0.00014468],[-0.00136518]
749,0.049949949949949946,[-0.00265711],[-0.03808603],[-0.00010313],[-0.00159094]
750,0.05015015015015015,[-0.00246819],[-0.03793993],[-7.84051574e-05],[-0.00165981]
751,0.05035035035035035,[-0.00236276],[-0.03742444],[-0.00011012],[-0.0016982]
752,0.05055055055055055,[-0.00246167],[-0.03730362],[-0.00013035],[-0.00159528]
753,0.05075075075075075,[-0.00267229],[-0.03788826],[-9.95001105e-05],[-0.00163299]
754,0.05095095095095095,[-0.00240449],[-0.03402967],[-0.00016501],[-0.00172701]
755,0.05115115115115115,[-0.00245734],[-0.03510168],[-0.00015449],[-0.00181653]
756,0.051351351351351354,[-0.00225073],[-0.03445622],[-5.16552436e-05],[-0.00183716]
757,0.051551551551551555,[-0.00216965],[-0.03418697],[-0.00010593],[-0.0013876]
758,0.05175175175175176,[-0.00251545],[-0.03430156],[-9.83499112e-05],[-0.00174276]
759,0.05195195195195196,[-0.00228858],[-0.03393094],[-0.00015808],[-0.00165575]
760,0.05215215215215216,[-0.00258365],[-0.03435831],[-0.00011798],[-0.00180083]
761,0.05235235235235236,[-0.00240785],[-0.03165413],[-6.65452694e-05],[-0.00161821]
762,0.05255255255255256,[-0.00236758],[-0.03286059],[-0.00012787],[-0.00159551]
763,0.05275275275275276,[-0.00248975],[-0.03092907],[-0.00012646],[-0.00183191]
764,0.052952952952952964,[-0.00220879],[-0.0301369],[-0.00010028],[-0.00184345]
765,0.053153153153153165,[-0.00253167],[-0.03158425],[-0.00012707],[-0.00192612]
766,0.05335335335335337,[-0.00236855],[-0.03112855],[-0.00012517],[-0.00144142]
767,0.05355355355355357,[-0.00245081],[-0.03109646],[-7.43006899e-05],[-0.00149081]
768,0.05375375375375377,[-0.00215699],[-0.02761482],[-8.80108278e-05],[-0.00159393]
769,0.05395395395395394,[-0.00225075],[-0.02730869],[-0.00011262],[-0.00153282]
770,0.054154154154154144,[-0.00245042],[-0.02807166],[-0.00016468],[-0.001491]
771,0.054354354354354345,[-0.00216046],[-0.0270785],[-0.00013237],[-0.00153697]
772,0.054554554554554546,[-0.00227086],[-0.02888033],[-0.00011863],[-0.00144779]
773,0.05475475475475475,[-0.00201587],[-0.02693034],[-7.11412966e-05],[-0.00150922]
774,0.05495495495495495,[-0.00204801],[-0.02573417],[-0.0001121],[-0.00159905]
775,0.05515515515515515,[-0.002333],[-0.02602784],[-9.92542554e-05],[-0.00157912]
776,0.05535535535535535,[-0.00226068],[-0.02303018],[-0.00013787],[-0.00161375]
777,0.05555555555555555,[-0.00228956],[-0.02555102],[-0.00013605],[-0.00154485]
778,0.055755755755755754,[-0.00198807],[-0.0233818],[-0.00012615],[-0.00185764]
779,0.055955955955955955,[-0.00209314],[-0.02536561],[-8.77376564e-05],[-0.00137087]
780,0.056156156156156156,[-0.00178452],[-0.02284524],[-8.50117099e-05],[-0.00138801]
781,0.05635635635635636,[-0.00216324],[-0.02304161],[-0.00010985],[-0.00180192]
782,0.05655655655655656,[-0.00207231],[-0.02247045],[-8.85283702e-05],[-0.00182593]
783,0.05675675675675676,[-0.00191846],[-0.02120966],[-0.00011087],[-0.00194948]
784,0.05695695695695696,[-0.00191526],[-0.02090838],[-8.97040285e-05],[-0.00187633]
785,0.05715715715715716,[-0.00188722],[-0.02062885],[-6.66030327e-05],[-0.00123242]
786,0.057357357357357364,[-0.00181574],[-0.01917594],[-3.34581824e-05],[-0.00165046]
787,0.057557557557557565,[-0.00182998],[-0.02046936],[-8.65175181e-05],[-0.00127032]
788,0.057757757757757766,[-0.00202581],[-0.0175881],[-0.00010803],[-0.00168145]
789,0.05795795795795797,[-0.00197957],[-0.01935664],[-0.00010499],[-0.00178079]
790,0.05815815815815817,[-0.00191554],[-0.01906197],[-7.84587444e-05],[-0.00151797]
791,0.05835835835835837,[-0.00175233],[-0.01844012],[-0.00010338],[-0.00154423]
792,0.05855855855855857,[-0.00172578],[-0.01629903],[-9.72706273e-05],[-0.00142196]
793,0.05875875875875877,[-0.00146421],[-0.01742831],[-0.00015257],[-0.00170661]
794,0.058958958958958974,[-0.00194122],[-0.01585879],[-0.00012218],[-0.00168789]
795,0.05915915915915915,[-0.00180961],[-0.01680109],[-9.61291375e-05],[-0.00163303]
796,0.05935935935935935,[-0.00161157],[-0.01565725],[-0.00013158],[-0.00165113]
797,0.05955955955955955,[-0.00169669],[-0.01493394],[-0.00012855],[-0.00178674]
798,0.05975975975975975,[-0.00155582],[-0.01561602],[-0.00017256],[-0.00182901]
799,0.05995995995995995,[-0.00195555],[-0.01458877],[-0.00013528],[-0.00193145]
800,0.06016016016016015,[-0.00170472],[-0.01383613],[-0.00010027],[-0.00164553]
801,0.060360360360360354,[-0.00155137],[-0.01379491],[-0.00013405],[-0.00148993]
802,0.060560560560560556,[-0.00145464],[-0.01364456],[-9.31061072e-05],[-0.00161163]
803,0.06076076076076076,[-0.00131594],[-0.01114606],[-0.00014024],[-0.00151261]
804,0.06096096096096096,[-0.00130077],[-0.01174308],[-0.00015158],[-0.00153045]
805,0.06116116116116116,[-0.00116948],[-0.01231109],[-9.70344401e-05],[-0.0020071]
806,0.06136136136136136,[-0.00156408],[-0.01285322],[-0.00010171],[-0.00134499]
807,0.06156156156156156,[-0.00141208],[-0.00960184],[-7.19863764e-05],[-0.00160683]
808,0.06176176176176176,[-0.00151214],[-0.01148174],[-0.00010212],[-0.00148213]
809,0.061961961961961964,[-0.00128328],[-0.00957172],[-7.81315012e-05],[-0.00172859]
810,0.062162162162162166,[-0.00123718],[-0.00768037],[-0.00011189],[-0.00174391]
811,0.06236236236236237,[-0.00129969],[-0.01027083],[-0.00010004],[-0.00144882]
812,0.06256256256256257,[-0.0012973],[-0.0085605],[-8.78230101e-05],[-0.00177529]
813,0.06276276276276277,[-0.00116438],[-0.01199039],[-6.6046396e-05],[-0.00169544]
814,0.06296296296296297,[-0.00130439],[-0.00999395],[-9.8744725e-05],[-0.00149954]
815,0.06316316316316317,[-0.00120209],[-0.00806598],[-0.00010263],[-0.00158709]
816,0.06336336336336337,[-0.00132772],[-0.00927094],[-0.00014526],[-0.00140839]
817,0.06356356356356357,[-0.00133503],[-0.00773592],[-0.00011349],[-0.00172955]
818,0.06376376376376378,[-0.00106578],[-0.00850401],[-9.54741923e-05],[-0.00145713]
819,0.06396396396396398,[-0.00112366],[-0.00843035],[-7.00051955e-05],[-0.00184156]
820,0.06416416416416418,[-0.00128313],[-0.00861506],[-4.558555e-05],[-0.00184688]
821,0.06436436436436438,[-0.00110943],[-0.00812131],[-9.80911836e-05],[-0.00157549]
822,0.06456456456456455,[-0.00129581],[-0.00742648],[-6.60006589e-05],[-0.00172945]
823,0.06476476476476475,[-0.00109904],[-0.00682558],[-9.9561727e-05],[-0.00147862]
824,0.06496496496496496,[-0.00105814],[-0.00832085],[-7.69140404e-05],[-0.00176323]
825,0.06516516516516516,[-0.0008986],[-0.00668426],[-7.90316845e-05],[-0.00140838]
826,0.06536536536536536,[-0.001061],[-0.0065557],[-0.00013392],[-0.00141328]
827,0.06556556556556556,[-0.00091048],[-0.00607436],[-6.75651013e-05],[-0.00171955]
828,0.06576576576576576,[-0.00121715],[-0.00368273],[-6.76451912e-05],[-0.00172331]
829,0.06596596596596596,[-0.00082078],[-0.00512633],[-0.00010958],[-0.00148217]
830,0.06616616616616616,[-0.00065179],[-0.00456021],[-0.00010764],[-0.00167771]
831,0.06636636636636636,[-0.00065039],[-0.00668896],[-8.76854972e-05],[-0.00155418]
832,0.06656656656656657,[-0.00090119],[-0.00459882],[-0.00014128],[-0.00128658]
833,0.06676676676676677,[-0.00053471],[-0.00566652],[-0.00010226],[-0.00145639]
834,0.06696696696696697,[-0.00067644],[-0.00463654],[-6.48102601e-05],[-0.00134376]
835,0.06716716716716717,[-0.00074152],[-0.0055499],[-8.94509727e-05],[-0.00165877]
836,0.06736736736736737,[-0.00081508],[-0.00449821],[-0.00012577],[-0.00137778]
837,0.06756756756756757,[-0.00074949],[-0.00448034],[-0.0001077],[-0.00172928]
838,0.06776776776776777,[-0.00059242],[-0.0026631],[-0.00010444],[-0.00171142]
839,0.06796796796796797,[-0.00066102],[-0.00447601],[-8.51868871e-05],[-0.00123547]
840,0.06816816816816818,[-0.00068265],[-0.0039098],[-0.00011982],[-0.00168204]
841,0.06836836836836838,[-0.00084243],[-0.00206818],[-0.00010154],[-0.0013849]
842,0.06856856856856858,[-0.00072656],[-0.00306449],[-0.00015317],[-0.00147641]
843,0.06876876876876878,[-0.00052679],[-0.00346608],[-0.00015568],[-0.00111545]
844,0.06896896896896898,[-0.00067906],[-0.00430253],[-0.00013539],[-0.00161072]
845,0.06916916916916918,[-0.00037328],[-0.0017845],[-0.00010302],[-0.00171476]
846,0.06936936936936938,[-0.00043423],[-0.00044238],[-6.5008373e-05],[-0.00135329]
847,0.06956956956956958,[-0.00040793],[-0.00133412],[-7.77665444e-05],[-0.00150678]
848,0.06976976976976978,[-0.00035371],[-0.0016821],[-0.00011489],[-0.00164902]
849,0.06996996996996996,[-0.00058237],[-0.0020247],[-7.91170694e-05],[-0.00149127]
850,0.07017017017017016,[-0.00051862],[-0.001301],[-0.00010764],[-0.00130797]
851,0.07037037037037036,[-0.00052955],[-0.00085498],[-0.00013733],[-0.00140672]
852,0.07057057057057056,[-0.00066405],[-0.00193625],[-0.0001328],[-0.00114075]
853,0.07077077077077076,[-0.00020514],[-0.00276649],[-0.00011844],[-0.00137659]
854,0.07097097097097096,[-0.00060871],[-4.84481119e-05],[-0.00010474],[-0.00124397]
855,0.07117117117117117,[-0.00041249],[-0.00137993],[-9.57528003e-05],[-0.00193653]
856,0.07137137137137137,[-0.00036514],[-0.00377707],[-8.96318276e-05],[-0.00150483]
857,0.07157157157157157,[-0.00029638],[-0.00271167],[-0.00012602],[-0.00131127]
858,0.07177177177177177,[-0.00046317],[0.00029062],[-0.00011899],[-0.00146937]
859,0.07197197197197197,[-0.0002848],[-0.00044368],[-8.02175524e-05],[-0.00145357]
860,0.07217217217217217,[-0.00033969],[-0.00043479],[-0.00012141],[-0.00122655]
861,0.07237237237237237,[-0.00036919],[-0.0006916],[-0.00013999],[-0.00115366]
862,0.07257257257257257,[-0.00020272],[-0.0016486],[-4.29955525e-05],[-0.00130493]
863,0.07277277277277278,[-0.00025288],[-0.00024086],[-0.00012636],[-0.00127049]
864,0.07297297297297298,[-0.00011055],[0.0003168],[-8.17473396e-05],[-0.00143681]
865,0.07317317317317318,[-0.00027069],[-0.00038147],[-0.00014797],[-0.00124945]
866,0.07337337337337338,[-0.00023194],[-0.00021769],[-0.00013462],[-0.00122337]
867,0.07357357357357358,[-8.31530857e-05],[-0.00051007],[-0.00013003],[-0.0010793]
868,0.07377377377377378,[-9.36281211e-05],[-0.00082594],[-9.95406643e-05],[-0.00110067]
869,0.07397397397397398,[-0.00021436],[-0.00103581],[-0.00012973],[-0.00117628]
870,0.07417417417417418,[-0.00019927],[-0.00076697],[-7.48544463e-05],[-0.00105862]
871,0.07437437437437439,[-0.00019531],[-0.00058745],[-9.07055225e-05],[-0.00112707]
872,0.07457457457457459,[-0.00023029],[0.000648],[-8.66981006e-05],[-0.00129158]
873,0.07477477477477479,[2.2169874e-05],[-0.0015612],[-0.00014515],[-0.00100292]
874,0.07497497497497499,[-0.00020041],[0.00073968],[-9.44828602e-05],[-0.00110908]
875,0.07517517517517519,[-1.98860767e-05],[0.00025757],[-4.00154425e-05],[-0.00123671]
876,0.07537537537537536,[0.00016383],[0.00078122],[-7.17615308e-05],[-0.00108277]
877,0.07557557557557557,[-0.00033973],[-0.00023906],[-9.8772873e-05],[-0.00109104]
878,0.07577577577577577,[-6.05516086e-05],[0.00107779],[-7.47547021e-05],[-0.00122615]
879,0.07597597597597597,[6.26204622e-05],[0.00148114],[-0.00013793],[-0.00083683]
880,0.07617617617617617,[7.60894348e-05],[-0.00134029],[-7.30831994e-05],[-0.00076927]
881,0.07637637637637637,[2.47923563e-06],[-0.00118024],[-6.6237657e-05],[-0.00087016]
882,0.07657657657657657,[-0.00021151],[0.00050018],[-8.27522767e-05],[-0.00104212]
883,0.07677677677677677,[0.00010401],[-0.00041304],[-8.22206804e-05],[-0.00108881]
884,0.07697697697697697,[7.56122046e-05],[0.00089767],[-0.00011513],[-0.00067526]
885,0.07717717717717718,[-8.41633266e-05],[0.00144076],[-2.16362948e-05],[-0.00048118]
886,0.07737737737737738,[0.00014056],[-0.00146427],[-6.98664215e-05],[-0.00101207]
887,0.07757757757757758,[0.00017801],[-0.00022103],[-8.90808181e-05],[-0.00080959]
888,0.07777777777777778,[-7.96209971e-05],[-7.64003611e-05],[-8.48156809e-05],[-0.0006453]
889,0.07797797797797798,[-0.00013014],[-2.51977257e-06],[-7.59066622e-05],[-0.00064213]
890,0.07817817817817818,[9.88605231e-05],[-0.00097779],[-0.00010774],[-0.00099452]
891,0.07837837837837838,[4.67995776e-05],[0.00104198],[-0.00013514],[-0.00048028]
892,0.07857857857857858,[-0.0001204],[8.96593473e-05],[-0.00014413],[-0.00071661]
893,0.07877877877877879,[-0.00017122],[-0.00120353],[-0.00012937],[-0.00085076]
894,0.07897897897897899,[3.24024765e-05],[0.00014927],[-6.4700956e-05],[-0.0005501]
895,0.07917917917917919,[-9.37126256e-05],[-0.00017945],[-6.91357122e-05],[-0.00055304]
896,0.07937937937937939,[1.52136104e-05],[0.00059405],[-7.22092876e-05],[-0.00049237]
897,0.07957957957957959,[-0.00012256],[0.00040284],[-4.18703456e-05],[-0.00088252]
898,0.07977977977977979,[-0.00010531],[0.00124881],[-9.37686695e-05],[-0.00097068]
899,0.07997997997997999,[8.65654818e-05],[-0.0005392],[-9.37098276e-05],[-0.00061362]
900,0.0801801801801802,[-0.00013715],[0.00099447],[-9.34180874e-05],[-0.00058776]
901,0.0803803803803804,[9.68139087e-06],[0.00107703],[-8.92601377e-05],[-0.00057131]
902,0.0805805805805806,[-8.04573749e-05],[3.05288003e-05],[-0.00013777],[-0.00055235]
903,0.08078078078078077,[-0.00017052],[0.00033128],[-4.15817756e-05],[-0.00045194]
904,0.08098098098098097,[4.97971611e-07],[-0.00050889],[-8.21276517e-05],[-0.00052856]
905,0.08118118118118117,[0.00018161],[-0.00136175],[-6.04542303e-05],[-0.00034591]
906,0.08138138138138137,[-0.00015868],[-0.00071343],[-6.91775455e-05],[-0.00081719]
907,0.08158158158158157,[-0.0001528],[-0.00130538],[-8.15054831e-05],[-0.00071544]
908,0.08178178178178178,[0.00017266],[-0.00067675],[-8.40319637e-05],[-0.00059737]
909,0.08198198198198198,[-9.34949508e-05],[0.00039467],[-9.45617523e-05],[-0.00054228]
910,0.08218218218218218,[3.13979513e-05],[-0.00023862],[-0.00010971],[-0.00026933]
911,0.08238238238238238,[0.00013898],[-0.00188934],[-7.62808963e-05],[-0.00018244]
912,0.08258258258258258,[8.50578284e-05],[2.66657675e-05],[-8.62244677e-05],[-0.00045226]
913,0.08278278278278278,[3.56754549e-05],[0.00136666],[-6.90990322e-05],[-0.00038646]
914,0.08298298298298298,[0.00014477],[-0.00244088],[-0.00012802],[-0.00055573]
915,0.08318318318318318,[0.00031759],[-0.00108034],[-9.32506173e-05],[-0.00024561]
916,0.08338338338338339,[-0.0002832],[-0.0001502],[-8.98927887e-05],[-0.00037643]
917,0.08358358358358359,[-0.00020668],[0.00010254],[-0.00015426],[-0.00046343]
918,0.08378378378378379,[-0.00018373],[-0.0009452],[-9.47971861e-05],[-0.00033793]
919,0.08398398398398399,[-0.00013711],[0.0010044],[-0.00012451],[-0.00063292]
920,0.08418418418418419,[-8.42291785e-05],[-0.0003029],[-0.000102],[-0.00033232]
921,0.08438438438438439,[-1.97249359e-05],[-0.00119394],[-6.75871122e-05],[-7.70181547e-05]
922,0.0845845845845846,[0.00012033],[0.00088263],[-4.84963203e-05],[-0.00011741]
923,0.0847847847847848,[-0.00015752],[-0.00116858],[-8.0952845e-05],[-0.0004951]
924,0.084984984984985,[-0.00020613],[0.00178589],[-6.64276249e-05],[-0.00027984]
925,0.0851851851851852,[7.99191198e-05],[0.00118142],[-4.96572459e-05],[-0.00026914]
926,0.0853853853853854,[0.00017246],[0.00087432],[-5.73017543e-05],[-0.0002078]
927,0.0855855855855856,[-0.00017692],[-0.00011235],[-7.03940906e-05],[-4.70474374e-05]
928,0.0857857857857858,[-0.00011535],[-0.00258749],[-2.39530433e-05],[-0.00084815]
929,0.085985985985986,[-0.00019624],[-0.00040059],[-9.87212892e-05],[-0.00022185]
930,0.08618618618618618,[-0.00013719],[-0.00059773],[-4.36267631e-05],[0.00013661]
931,0.08638638638638638,[3.03940301e-05],[-0.00073713],[-9.014892e-05],[-0.00018613]
932,0.08658658658658658,[1.38387503e-05],[-0.00053281],[-4.48687429e-05],[-0.00050518]
933,0.08678678678678678,[-8.13146871e-05],[0.0001076],[-0.00010769],[-0.00029638]
934,0.08698698698698698,[-0.00013559],[-0.00102703],[-6.85593498e-05],[5.74875692e-05]
935,0.08718718718718718,[1.43134461e-05],[0.00118608],[-0.00010967],[-7.11331045e-05]
936,0.08738738738738738,[3.44178356e-05],[-0.00077497],[-8.70995365e-05],[-0.00025344]
937,0.08758758758758758,[7.23593747e-05],[0.00065151],[-0.00010645],[-0.00013307]
938,0.08778778778778779,[8.35423312e-05],[-0.0004152],[-5.60619575e-05],[7.95118542e-05]
939,0.08798798798798799,[8.50455901e-05],[0.00131023],[-5.76340892e-05],[-0.00031816]
940,0.08818818818818819,[-1.94330941e-05],[-0.0007091],[-5.39851294e-05],[3.59130663e-05]
941,0.08838838838838839,[-0.00014214],[0.00023897],[-4.78816191e-05],[-0.00013546]
942,0.08858858858858859,[-0.00022535],[-0.00076422],[-5.26469918e-05],[-0.00014741]
943,0.08878878878878879,[-0.00022329],[-0.00064224],[-3.57021115e-05],[-0.00013074]
944,0.08898898898898899,[-0.00021927],[0.00021048],[-9.07801995e-05],[-0.00021508]
945,0.0891891891891892,[0.00016512],[0.00082316],[-4.79594755e-05],[2.99473118e-05]
946,0.0893893893893894,[-1.42981855e-05],[0.00088262],[-5.18740237e-05],[-0.00019388]
947,0.0895895895895896,[-0.0001335],[-0.00142006],[-3.51612037e-05],[2.41577557e-05]
948,0.0897897897897898,[-7.89888574e-05],[0.00116738],[-3.57686646e-05],[7.02421965e-06]
949,0.08998998998999,[0.0001833],[-0.00170678],[-5.61814938e-05],[-1.41436278e-05]
950,0.0901901901901902,[0.00016571],[-0.00249445],[-6.5772727e-05],[-0.00022401]
951,0.0903903903903904,[-0.00013701],[-0.00082455],[-5.835531e-05],[5.04314998e-06]
952,0.0905905905905906,[4.02420339e-05],[-0.00067821],[-4.65369811e-05],[7.26912358e-05]
953,0.0907907907907908,[-0.00016294],[0.00015443],[-4.98675605e-05],[8.82909283e-05]
954,0.090990990990991,[4.48570641e-05],[0.00104802],[-7.75325868e-05],[0.00017354]
955,0.0911911911911912,[-0.00026862],[-0.00094266],[-4.95262369e-05],[-0.00012243]
956,0.09139139139139141,[0.00017189],[-5.57710723e-05],[-1.61130469e-05],[-0.00013736]
957,0.09159159159159158,[-0.00017525],[-0.00119938],[-4.97703689e-05],[-5.16815309e-05]
958,0.09179179179179178,[-0.00013268],[0.00059328],[-1.10695545e-05],[-0.00012591]
959,0.09199199199199198,[-0.00020552],[0.00028206],[-1.89388469e-05],[-0.0001774]
960,0.09219219219219218,[1.20917001e-05],[0.00105952],[-5.63759484e-05],[8.36017131e-05]
961,0.09239239239239239,[-5.77616808e-05],[0.0014303],[-5.37040144e-05],[0.00013832]
962,0.09259259259259259,[0.00029217],[0.00240507],[-4.53519391e-05],[0.00019614]
963,0.09279279279279279,[-0.00014119],[-0.00179149],[4.37580747e-05],[0.00018901]
964,0.09299299299299299,[0.000129],[0.00091727],[-9.30885273e-06],[-3.45156277e-05]
965,0.09319319319319319,[0.0003319],[-0.0007484],[4.35305805e-05],[-0.00013072]
966,0.09339339339339339,[1.76922537e-05],[-0.00021005],[1.50252203e-06],[9.4764456e-05]
967,0.0935935935935936,[-3.22544308e-05],[-0.00097166],[-2.19330591e-05],[7.92618168e-05]
968,0.0937937937937938,[-1.98103275e-05],[-0.00040891],[-5.85065431e-05],[9.62835447e-05]
969,0.093993993993994,[-0.00021579],[-0.00038062],[-4.84532406e-05],[-0.0001403]
970,0.0941941941941942,[-9.44052126e-05],[-2.77749096e-05],[-5.60139533e-05],[0.00023037]
971,0.0943943943943944,[-9.42048258e-05],[-0.00171932],[-6.37890924e-05],[5.49261961e-05]
972,0.0945945945945946,[9.97316424e-05],[6.91475467e-05],[-2.96249849e-05],[7.65942482e-05]
973,0.0947947947947948,[-5.44339395e-05],[0.0004026],[-4.1723283e-05],[0.00019473]
974,0.094994994994995,[0.00015903],[0.00060546],[-2.65377673e-06],[0.00021549]
975,0.0951951951951952,[-4.91910938e-05],[-0.0008016],[-4.06250343e-05],[3.3103762e-05]
976,0.0953953953953954,[9.84438633e-05],[-0.00090578],[6.31480091e-08],[-0.00040428]
977,0.0955955955955956,[-1.30554536e-05],[-0.00126227],[-7.80728312e-05],[-7.07429444e-05]
978,0.09579579579579581,[-7.46672474e-05],[0.00085696],[3.3742487e-05],[-0.00029775]
979,0.09599599599599601,[-0.00021167],[-0.00122722],[-1.09786877e-05],[-4.51341829e-05]
980,0.09619619619619621,[-0.00036781],[0.00052634],[-3.10214463e-05],[0.00048692]
981,0.09639639639639641,[3.75242261e-05],[-0.00056451],[2.27066877e-05],[-8.25527073e-05]
982,0.09659659659659661,[0.00015461],[-0.00108983],[-3.29138374e-05],[-0.00012595]
983,0.09679679679679681,[6.19281182e-05],[-0.0018407],[5.31327401e-07],[-0.00037047]
984,0.09699699699699699,[-6.94587942e-06],[-0.00110111],[-1.14097673e-05],[-2.33787634e-05]
985,0.09719719719719719,[-1.17864313e-05],[-0.00129629],[-4.32910681e-05],[-7.33741131e-05]
986,0.09739739739739739,[-0.00011473],[-0.0016551],[-6.13874956e-05],[3.99564e-05]
987,0.09759759759759759,[0.00011885],[0.00025796],[-4.58646563e-05],[2.26811238e-05]
988,0.09779779779779779,[0.00016632],[0.0007996],[-3.74711502e-05],[3.08534758e-06]
989,0.097997997997998,[5.41005205e-05],[0.0003815],[-1.84955027e-05],[5.91266741e-05]
990,0.0981981981981982,[0.00024996],[0.00072209],[1.76214656e-05],[1.32210434e-05]
991,0.0983983983983984,[-6.76606865e-05],[-0.00126856],[-3.37037499e-05],[-0.00015174]
992,0.0985985985985986,[3.13757084e-05],[0.00051172],[-3.90425479e-06],[0.00022082]
993,0.0987987987987988,[-4.00758561e-05],[0.00012552],[-2.04935365e-05],[-0.00022768]
994,0.098998998998999,[-0.00018368],[0.00054942],[-4.70946827e-06],[0.00016411]
995,0.0991991991991992,[0.00011723],[0.00176786],[2.60873969e-05],[0.00019284]
996,0.0993993993993994,[-4.31592333e-05],[0.00094636],[-2.74074776e-05],[-1.48918912e-05]
997,0.0995995995995996,[1.07113789e-05],[0.0004541],[3.78563948e-05],[6.35792428e-05]
998,0.0997997997997998,[-1.83404583e-05],[0.00088599],[-3.4502432e-05],[1.45819656e-05]
999,0.1,[-0.00013572],[0.0023831],[2.30688456e-05],[-0.00026709]
